geo_type,region,transportation_type,alternative_name,sub-region,country,1/13/2020,1/14/2020,1/15/2020,1/16/2020,1/17/2020,1/18/2020,1/19/2020,1/20/2020,1/21/2020,1/22/2020,1/23/2020,1/24/2020,1/25/2020,1/26/2020,1/27/2020,1/28/2020,1/29/2020,1/30/2020,1/31/2020,2/1/2020,2/2/2020,2/3/2020,2/4/2020,2/5/2020,2/6/2020,2/7/2020,2/8/2020,2/9/2020,2/10/2020,2/11/2020,2/12/2020,2/13/2020,2/14/2020,2/15/2020,2/16/2020,2/17/2020,2/18/2020,2/19/2020,2/20/2020,2/21/2020,2/22/2020,2/23/2020,2/24/2020,2/25/2020,2/26/2020,2/27/2020,2/28/2020,2/29/2020,3/1/2020,3/2/2020,3/3/2020,3/4/2020,3/5/2020,3/6/2020,3/7/2020,3/8/2020,3/9/2020,3/10/2020,3/11/2020,3/12/2020,3/13/2020,3/14/2020,3/15/2020,3/16/2020,3/17/2020,3/18/2020,3/19/2020,3/20/2020,3/21/2020,3/22/2020,3/23/2020,3/24/2020,3/25/2020,3/26/2020,3/27/2020,3/28/2020,3/29/2020,3/30/2020,3/31/2020,4/1/2020,4/2/2020,4/3/2020,4/4/2020,4/5/2020,4/6/2020,4/7/2020,4/8/2020,4/9/2020,4/10/2020,4/11/2020,4/12/2020,4/13/2020,4/14/2020,4/15/2020,4/16/2020,4/17/2020,4/18/2020,4/19/2020,4/20/2020,4/21/2020,4/22/2020,4/23/2020,4/24/2020,4/25/2020,4/26/2020,4/27/2020,4/28/2020,4/29/2020,4/30/2020,5/1/2020,5/2/2020,5/3/2020,5/4/2020,5/5/2020,5/6/2020,5/7/2020,5/8/2020,5/9/2020,5/10/2020,5/11/2020,5/12/2020,5/13/2020,5/14/2020,5/15/2020,5/16/2020,5/17/2020,5/18/2020,5/19/2020,5/20/2020,5/21/2020,5/22/2020,5/23/2020,5/24/2020,5/25/2020,5/26/2020,5/27/2020,5/28/2020,5/29/2020,5/30/2020,5/31/2020,6/1/2020,6/2/2020,6/3/2020,6/4/2020,6/5/2020,6/6/2020,6/7/2020,6/8/2020,6/9/2020,6/10/2020,6/11/2020,6/12/2020,6/13/2020,6/14/2020,6/15/2020,6/16/2020,6/17/2020,6/18/2020,6/19/2020,6/20/2020,6/21/2020,6/22/2020,6/23/2020,6/24/2020,6/25/2020,6/26/2020,6/27/2020,6/28/2020,6/29/2020,6/30/2020,7/1/2020,7/2/2020,7/3/2020,7/4/2020,7/5/2020,7/6/2020,7/7/2020,7/8/2020,7/9/2020,7/10/2020,7/11/2020,7/12/2020,7/13/2020,7/14/2020,7/15/2020,7/16/2020,7/17/2020,7/18/2020,7/19/2020,7/20/2020
county,Alameda County,driving,,California,United States,0.7007,0.7292,0.7633,0.7721,0.9459,0.8407,0.5548,0.6859,0.7887,0.8034,0.7879,0.9545,0.8141,0.5455,0.689,0.7727,0.7693,0.817,0.9543,0.8597,0.4865,0.6989,0.7571,0.7596,0.8445,0.9753,0.9072,0.6737,0.7508,0.8196,0.8139,0.9149,1.1197,0.9066,0.682,0.6934,0.8393,0.8037,0.841,1.0457,0.9738,0.6913,0.7763,0.8097,0.8225,0.8608,1.0096,0.9374,0.6242,0.7683,0.8326,0.8074,0.8171,0.9584,0.8289,0.5542,0.6763,0.7269,0.7174,0.6828,0.7488,0.4763,0.2631,0.4842,0.2158,0.1946,0.2,0.2194,0.1182,0.0377,0.1234,0.1157,0.1397,0.1451,0.1859,0.0898,0.0319,0.1309,0.1465,0.1421,0.1408,0.2009,0.0932,0,0.0974,0.1351,0.1346,0.1354,0.2091,0.1432,0.0214,0.1368,0.1533,0.181,0.1725,0.2294,0.1924,0.0955,0.1677,0.1788,0.2036,0.2128,0.2808,0.2293,0.1321,0.2038,0.2226,0.2253,0.2586,0.3465,0.283,0.1821,0.2534,0.2956,0.2964,0.3264,0.418,0.3749,0.2264,0.268533333,0.310666667,0.3528,0.37,0.4945,0.449,0.2653,0.3659,0.4221,0.4519,0.4787,0.5926,0.5116,0.396,0.3723,0.5025,0.5103,0.519,0.6528,0.5042,0.458,0.514,0.4707,0.5068,0.5551,0.6576,0.5726,0.415,0.5424,0.578,0.5983,0.6052,0.7433,0.6379,0.4872,0.5642,0.5976,0.6349,0.6897,0.9107,0.7132,0.4713,0.6299,0.6697,0.6932,0.7172,0.8425,0.727,0.5396,0.6651,0.7043,0.7849,0.8451,0.7723,0.4773,0.5023,0.6512,0.6749,0.6968,0.7311,0.8669,0.7371,0.5649,0.6568,0.7046,0.7231,0.7239,0.8694,0.7317,0.5544,0.6564
county,Amador County,driving,,California,United States,0.5701,0.5325,0.6321,0.5915,0.9269,1.1309,0.9619,0.8797,0.5784,0.6717,0.6871,0.8669,1.2685,0.9339,0.6389,0.5996,0.5941,0.7552,0.9627,1.0842,0.557,0.6742,0.6808,0.6536,0.7554,0.9019,1.2242,1.0487,0.7985,0.7168,0.7204,0.8233,1.3404,1.6969,1.534,1.1672,0.7032,0.7388,0.8245,1.0083,1.3974,1.1286,0.7441,0.6135,0.7166,0.764,1.0356,1.2973,1.1183,0.7411,0.7935,0.733,0.765,1.0368,1.1856,1.0696,0.7327,0.6957,0.6399,0.678,0.883,0.7706,0.5547,0.3815,0.4435,0.4274,0.4112,0.4143,0.2506,0.1997,0.172,0.1778,0.1621,0.2436,0.3505,0.2438,0.1813,0.2138,0.2574,0.2542,0.3152,0.3412,0.179,0,0.1067,0.2438,0.2695,0.2353,0.3477,0.3406,0.0893,0.2161,0.3371,0.2915,0.3671,0.4866,0.5131,0.3679,0.2839,0.412,0.4032,0.4859,0.5066,0.6011,0.4012,0.3268,0.3795,0.4682,0.4448,0.6031,0.6619,0.5131,0.529,0.4556,0.5812,0.5083,0.6538,0.7582,0.5762,0.567766667,0.559333333,0.5509,0.6604,0.8485,0.9851,0.4952,0.4624,0.6826,0.7262,0.8939,1.1049,1.2862,1.1513,1.0537,0.8674,0.7738,0.8817,1.005,0.9483,0.9856,0.8177,0.8318,0.9455,0.9299,1.2358,1.3626,1.2416,1.0663,1.0182,1.0499,1.0615,1.3366,1.5835,1.5038,1.1427,1.1939,1.2166,1.2539,1.6278,1.8989,1.4992,1.3185,1.0943,1.2315,1.3207,1.584,1.85,1.6921,1.2216,1.1836,1.2569,1.4128,1.7174,1.3422,1.7443,1.2126,1.2191,1.234,1.3601,1.5224,1.7973,1.5628,1.2184,1.1326,1.1664,1.1639,1.5192,1.8449,1.6142,1.0507
county,Butte County,driving,,California,United States,0.5175,0.5582,0.6233,0.5697,0.7197,0.6897,0.4523,0.6536,0.6697,0.6899,0.7098,0.8893,0.7645,0.4627,0.6197,0.6588,0.6697,0.7178,0.9146,0.7765,0.3775,0.6562,0.7059,0.6931,0.7617,0.9194,0.8967,0.5682,0.6931,0.7162,0.7362,0.8617,1.084,0.8557,0.6295,0.6681,0.706,0.7252,0.7909,1.0394,0.9308,0.6209,0.7138,0.7045,0.7573,0.7805,1.0409,0.9301,0.5926,0.7203,0.7852,0.7684,0.834,1.0104,0.8368,0.552,0.666,0.7096,0.7085,0.7803,0.8853,0.5114,0.2466,0.3794,0.3423,0.3342,0.3902,0.3417,0.1986,0.0642,0.1976,0.1758,0.205,0.2156,0.2822,0.1176,0.0102,0.2125,0.2668,0.3028,0.2668,0.3637,0.1116,0,0.2221,0.2526,0.31,0.2714,0.3687,0.2804,0.0447,0.315,0.3366,0.3644,0.4103,0.4687,0.3476,0.2219,0.3973,0.4004,0.4394,0.4775,0.5309,0.3999,0.2912,0.4838,0.5363,0.5301,0.5303,0.633,0.4661,0.3338,0.535,0.597,0.5985,0.6165,0.7389,0.5835,0.2986,0.400633333,0.502666667,0.6047,0.6725,0.8579,0.737,0.4742,0.6464,0.7304,0.7527,0.8433,1.0017,0.8611,0.6382,0.6496,0.8412,0.8806,0.8942,1.0164,0.7357,0.5807,0.8471,0.8729,0.8853,0.9934,1.0926,0.9328,0.696,0.9188,0.965,1.4648,0.9869,1.0703,0.9534,0.7703,0.9208,0.9634,1.0195,1.0238,1.1844,1.0068,0.6645,0.9911,1.0352,1.0208,1.0852,1.2717,1.0647,0.8017,1.0925,1.1483,1.1243,1.1657,1.0294,0.6783,0.758,0.9876,1.0225,1.0759,1.1154,1.164,1.0356,0.7402,1.0185,1.0203,1.0052,1.0595,1.2129,1.029,0.7889,1.0511
county,Calaveras County,driving,,California,United States,0.5685,0.502,0.5853,0.4586,0.7814,1.0356,0.8477,0.8833,0.5392,0.5152,0.6023,0.7866,0.8483,0.6189,0.5342,0.5921,0.4925,0.588,0.7287,0.8538,0.4235,0.5905,0.5842,0.5528,0.6257,0.8195,0.9328,0.7868,0.6665,0.6148,0.5692,0.6754,1.1498,1.4952,1.3347,1.3014,0.729,0.7206,0.7537,1.0488,1.1806,0.9287,0.6477,0.6248,0.596,0.7492,0.9271,1.0653,0.7971,0.647,0.6529,0.6318,0.6961,0.8483,0.8204,0.7203,0.6345,0.7099,0.6427,0.6239,0.6863,0.5696,0.4816,0.3685,0.4596,0.4464,0.4984,0.5011,0.3917,0.28,0.3252,0.2957,0.2455,0.3259,0.4126,0.1547,0.1693,0.3018,0.2691,0.3497,0.3114,0.3508,0.1409,0,0.1813,0.3,0.2487,0.3091,0.3447,0.3243,0.1522,0.386,0.3454,0.4167,0.4698,0.4455,0.4366,0.3926,0.4008,0.4237,0.438,0.487,0.5785,0.5612,0.485,0.438,0.4961,0.4693,0.5038,0.5862,0.6545,0.6218,0.6166,0.5483,0.514,0.6202,0.7163,0.7233,0.5683,0.608833333,0.649366667,0.6899,0.6538,0.9024,0.9834,0.6663,0.4988,0.738,0.8622,0.8751,1.1305,1.3277,1.5469,1.399,1.0079,1.0263,1.0306,1.2101,1.1815,1.0994,0.9734,0.911,0.9802,1.036,1.2494,1.6284,1.2387,1.0408,1.0808,1.1271,1.1386,1.3481,1.5671,1.7392,1.1906,1.3937,1.288,1.3704,1.6059,1.9732,1.7442,1.3683,1.2015,1.3971,1.492,1.7909,2.0619,1.9532,1.4064,1.3853,1.5524,1.7855,2.2542,1.6702,2.3835,1.6193,1.421,1.4207,1.5011,1.812,2.1684,2.0522,1.4804,1.4148,1.423,1.5258,1.9398,2.0887,2.0288,1.487
county,Colusa County,driving,,California,United States,0.4838,0.4416,0.5389,0.5901,0.8905,0.8727,0.607,0.7692,0.4702,0.4459,0.4822,0.9005,0.7594,0.6653,0.4138,0.5274,0.5416,0.5198,0.7397,0.7198,0.4018,0.5214,0.5563,0.571,0.6394,0.8716,0.8964,0.6405,0.5342,0.4928,0.5116,0.6762,1.208,0.9188,0.7452,0.9561,0.598,0.5991,0.6048,0.9728,0.9024,0.8073,0.5525,0.4852,0.5765,0.5964,0.9902,0.8512,0.8711,0.5754,0.6784,0.5604,0.6694,0.9902,0.8766,0.7081,0.6165,0.5757,0.4887,0.6533,0.9305,0.7463,0.6015,0.5508,0.5795,0.4683,0.5353,0.4974,0.3151,0.1739,0.217,0.1799,0.1973,0.2649,0.281,0.1796,0.1003,0.2167,0.2429,0.1954,0.1747,0.3205,0.1197,0,0.0842,0.1295,0.2001,0.2881,0.2927,0.2331,0.0534,0.2401,0.2478,0.2445,0.2532,0.3898,0.4187,0.2546,0.3606,0.3113,0.2889,0.4307,0.547,0.3791,0.356,0.3216,0.3279,0.3971,0.4337,0.7122,0.6002,0.4247,0.4402,0.3808,0.48,0.5162,0.7138,0.6277,0.4655,0.485233333,0.504966667,0.5247,0.5934,0.8166,0.8166,0.6067,0.5203,0.5991,0.6558,0.9921,1.4906,1.2437,1.0567,1.3028,0.8084,0.7536,0.8441,1.0717,1.0303,1.0747,0.8894,0.7812,0.8234,1.0115,1.2401,1.0875,1.2025,0.9253,0.8926,0.9218,1.1676,1.4375,1.4287,1.4429,1.1178,1.0186,1.0774,1.3167,1.6975,1.5593,1.2971,1.2595,1.2216,1.1867,1.2873,1.7201,1.5776,1.5642,1.2336,1.1905,1.507,2.0434,1.9959,0.9828,2.2472,1.6184,1.2966,1.251,1.4088,1.8308,1.6746,1.6626,1.3933,1.1804,1.169,1.3691,1.8749,1.6018,1.7133,1.3592
county,Contra Costa County,driving,,California,United States,0.6445,0.6896,0.692,0.6705,0.8621,0.7388,0.4658,0.5963,0.6804,0.7271,0.6908,0.8446,0.7492,0.4719,0.6283,0.7197,0.6897,0.7706,0.8351,0.771,0.4166,0.6134,0.6924,0.7139,0.7632,0.8694,0.8288,0.5177,0.697,0.7502,0.7434,0.8502,0.9793,0.7966,0.5426,0.64,0.9144,0.7562,0.7845,0.9274,0.8946,0.5891,0.7514,0.7648,0.7768,0.8092,0.8987,0.8761,0.5317,0.7194,0.8419,0.7439,0.8048,0.8853,0.7714,0.4806,0.6811,0.718,0.672,0.7235,0.7232,0.4524,0.2378,0.4444,0.213,0.1972,0.2087,0.2313,0.1387,0.0361,0.1275,0.1259,0.1388,0.153,0.1944,0.0904,0.0249,0.138,0.1654,0.1525,0.1583,0.2166,0.101,0,0.1055,0.1464,0.1463,0.1586,0.2372,0.1713,0.013,0.155,0.1829,0.204,0.1994,0.2609,0.2379,0.1256,0.2023,0.2165,0.2327,0.2496,0.3166,0.2801,0.1682,0.2372,0.2732,0.2664,0.2919,0.3803,0.3307,0.2249,0.3099,0.3532,0.3508,0.3677,0.4696,0.4656,0.2939,0.3322,0.3705,0.4088,0.4277,0.5828,0.556,0.3366,0.4433,0.5107,0.511,0.5519,0.705,0.6486,0.5171,0.4564,0.5851,0.5946,0.6097,0.7183,0.5892,0.5068,0.5959,0.5495,0.5886,0.643,0.7399,0.7253,0.5342,0.6822,0.6989,0.6961,0.7346,0.8494,0.7888,0.6076,0.7039,0.7323,0.7849,0.805,0.9921,0.8612,0.5544,0.762,0.7984,0.8125,0.8376,0.9638,0.8805,0.6312,0.7874,0.8293,0.8554,0.9284,0.8704,0.5367,0.5665,0.7821,0.7984,0.8085,0.8365,0.9642,0.8713,0.6487,0.7548,0.8047,0.812,0.8754,0.9576,0.8572,0.6474,0.7728
county,Del Norte County,driving,,California,United States,0.5582,0.5442,0.4934,0.9043,0.8277,0.7276,0.6959,0.7386,0.6127,0.5074,0.514,0.5265,0.5692,0.5324,0.4374,0.4176,0.5376,0.5943,0.7379,0.869,0.5589,0.5545,0.5295,0.6635,0.5958,0.8719,1.0862,0.9315,0.5796,0.5405,0.6274,0.5361,1.1488,1.6186,1.4772,1.1804,0.841,0.8174,0.8152,0.9529,1.1797,0.9603,0.6598,0.5869,0.7806,0.7276,0.9293,1.1966,1.0472,0.6915,0.7497,0.8049,0.7938,1.9315,2.3233,1.0501,0.7607,0.7268,0.6664,0.6525,0.8631,0.7968,0.8962,0.7254,0.7011,0.6333,0.6863,0.5553,0.7791,0.4986,0.2526,0.2239,0.1502,0.193,0.2143,0.1606,0.0214,0.0111,0.1156,0.1458,0.0523,0.1142,0.0368,0,0.0685,0.1782,0.2055,0.1569,0.112,0.176,0.1318,0.1576,0.1458,0.2585,0.3115,0.2482,0.3424,0.2467,0.246,0.2902,0.2092,0.3351,0.2946,0.4124,0.3373,0.2821,0.4676,0.4205,0.3432,0.4573,0.3285,0.5553,0.3837,0.4058,0.4853,0.5376,0.6016,0.6966,0.5553,0.5499,0.5445,0.5391,0.6156,0.841,0.7953,0.8763,0.8152,0.8078,1.0133,0.9463,1.2997,1.9072,2.0575,1.679,1.0832,1.2298,1.2261,1.3307,1.2069,1.1502,1.0199,1.2062,1.1981,1.1952,1.3697,2.1237,1.5891,1.4323,1.5464,1.4036,1.5258,1.8358,2.1252,2.352,1.9927,2.1149,2.1547,2.3307,2.5619,2.8115,2.5199,2.4374,2.6576,2.7894,3.0751,3.2533,3.5656,3.2975,3.2592,2.9448,2.9176,3.4669,4.2423,3.4293,3.6488,3.6223,3.1966,3.0656,3.1635,3.7379,4.134,3.9912,3.2555,3.1657,3.422,3.3763,3.7681,4.5361,3.8682,3.4242
county,El Dorado County,driving,,California,United States,0.6483,0.5488,0.5843,0.616,1.0757,1.3321,1.0395,1.182,0.5611,0.5751,0.6284,0.9306,1.1516,1.4616,0.5732,0.5433,0.5516,0.5689,0.9028,1.0837,0.6912,0.6525,0.5645,0.5933,0.6345,0.9812,1.1121,1.0526,0.6527,0.6103,0.6017,0.6958,1.089,1.392,1.265,1.2848,0.7648,0.7488,0.8171,1.1273,1.2704,1.1278,0.6932,0.6254,0.6231,0.6859,0.9608,1.1101,1.1565,0.668,0.6325,0.6222,0.6434,0.9065,0.8927,0.7462,0.5929,0.6055,0.5687,0.5835,0.8172,0.6879,1.5993,0.6538,0.4164,0.2857,0.3482,0.3137,0.2209,0.1402,0.167,0.1408,0.1755,0.1921,0.242,0.1303,0.0769,0.1835,0.217,0.2088,0.214,0.2616,0.08,0,0.1624,0.227,0.2282,0.2196,0.2914,0.2575,0.0633,0.2507,0.2667,0.2691,0.2995,0.3323,0.3162,0.2382,0.2738,0.2723,0.3393,0.3705,0.4432,0.4395,0.311,0.351,0.3873,0.3786,0.3921,0.5058,0.5372,0.4203,0.4113,0.4531,0.4658,0.482,0.5733,0.6456,0.4095,0.443966667,0.478433333,0.5129,0.5697,0.7339,0.7715,0.4211,0.4604,0.5694,0.6105,0.7202,0.9144,0.9435,0.87,0.8301,0.7591,0.8026,0.8455,0.9666,0.7999,0.8194,0.7476,0.7486,0.8095,0.8951,1.1225,1.221,1.0066,0.928,1.0043,1.0378,1.1014,1.3746,1.5428,1.4903,1.2147,1.2401,1.2785,1.359,1.8283,1.9918,1.6867,1.4723,1.4428,1.4899,1.5946,2.0659,2.2393,2.0907,1.4939,1.4621,1.5599,1.9228,2.334,1.8219,2.2976,1.6728,1.5558,1.5849,1.625,2.0312,2.2119,2.1447,1.6361,1.5463,1.6174,1.702,2.1095,2.2782,2.2334,1.6598
county,Fresno County,driving,,California,United States,0.5826,0.5608,0.6307,0.6167,0.7996,0.6857,0.4242,0.5838,0.6136,0.6018,0.641,0.8029,0.7248,0.4214,0.5743,0.5632,0.5765,0.6175,0.8399,0.7789,0.3955,0.5709,0.5967,0.6179,0.6824,0.8638,0.8029,0.5053,0.6552,0.6609,0.6822,0.7814,1.0479,0.7855,0.5438,0.6533,0.6328,0.6717,0.7459,0.9526,0.8754,0.5865,0.6687,0.6645,0.6964,0.747,0.9727,0.9161,0.5933,0.6769,0.716,0.6849,0.7617,0.9501,0.8894,0.5359,0.6368,0.6521,0.6711,0.6674,0.7997,0.6133,0.3238,0.4387,0.4455,0.4289,0.2943,0.3571,0.1829,0.0688,0.2079,0.2102,0.2053,0.2401,0.3206,0.1758,0.0759,0.2395,0.2529,0.2693,0.2702,0.3588,0.23,0.0386,0.2151,0.2493,0.2368,0.2501,0.3612,0.2405,0,0.2667,0.3131,0.363,0.3671,0.4426,0.3162,0.206,0.3417,0.3637,0.3675,0.3974,0.4857,0.3761,0.2356,0.4013,0.4274,0.4402,0.477,0.5887,0.4856,0.3367,0.4791,0.513,0.4928,0.5447,0.6934,0.5794,0.398,0.466,0.534,0.602,0.6269,0.7812,0.66,0.4805,0.6043,0.6705,0.6912,0.7509,0.9158,0.776,0.5565,0.5762,0.7532,0.7786,0.7935,0.9184,0.7917,0.5914,0.7573,0.7534,0.8065,0.8432,1.0021,0.8775,0.643,0.8338,0.8443,0.8696,0.9144,1.0881,0.949,0.7234,0.8977,0.9016,0.919,0.9782,1.152,1.0315,0.6556,0.9436,0.9312,1.0073,1.0075,1.1828,1.0361,0.7973,0.9478,0.9881,1.0197,1.1253,1.1036,0.6203,0.7299,0.9679,0.9527,0.9826,1.0207,1.1692,0.9973,0.7584,0.9554,0.9422,0.963,0.9946,1.1321,0.9589,0.7611,0.9718
county,Glenn County,driving,,California,United States,0.4633,0.4467,0.4547,0.5155,0.7306,0.7146,0.4605,0.6117,0.4796,0.3865,0.5653,0.7324,0.6621,0.5518,0.338,0.4627,0.4808,0.4716,0.7453,0.7459,0.3432,0.5149,0.4762,0.4467,0.482,0.8449,0.8449,0.5742,0.5604,0.5149,0.4971,0.6876,0.9721,0.9607,0.6412,0.875,0.6412,0.5714,0.636,0.9358,0.8575,0.7306,0.5392,0.5401,0.5229,0.632,0.8906,0.8286,0.6194,0.5926,0.6191,0.5742,0.71,0.9413,0.7862,0.6277,0.5515,0.5518,0.5724,0.6249,0.898,0.6996,0.5186,0.6455,0.4925,0.4744,0.4384,0.5324,0.3447,0.2387,0.2661,0.2433,0.236,0.2725,0.298,0.1204,0.0851,0.1724,0.22,0.2891,0.1804,0.3395,0.2028,0,0.2406,0.2553,0.2307,0.3094,0.3297,0.2658,0.0645,0.2218,0.2421,0.373,0.2556,0.3607,0.3524,0.2584,0.3229,0.3217,0.3678,0.3936,0.5816,0.4928,0.3367,0.4034,0.4255,0.4774,0.4433,0.7668,0.5776,0.4572,0.443,0.4903,0.5478,0.5727,0.7985,0.7192,0.4117,0.453566667,0.495433333,0.5373,0.6611,0.8882,0.8105,0.5315,0.5435,0.7469,0.7235,1.0062,1.4989,1.2599,0.8633,1.1671,0.8584,0.714,0.9189,1.1241,0.9628,1.016,0.8593,0.8292,0.7939,0.8983,1.3991,1.1469,1.1524,1.0117,0.9466,1.0581,1.1048,1.5398,1.3426,1.239,1.0553,1.0793,1.2501,1.2055,1.6909,1.49,1.2098,1.2581,1.0464,1.1459,1.2295,1.718,1.5164,1.4482,1.3085,1.1736,1.432,1.8956,1.9223,0.8799,1.7972,1.6086,1.2034,1.1438,1.3321,1.7843,1.6163,1.4433,1.2363,1.0928,1.2446,1.4129,1.7877,1.538,1.4501,1.2704
county,Humboldt County,driving,,California,United States,0.5531,0.5564,0.5668,0.5926,0.6745,0.7078,0.5804,0.6227,0.5572,0.5372,0.5505,0.6667,0.6262,0.4715,0.4394,0.5128,0.4887,0.578,0.7463,0.7271,0.3902,0.5068,0.5093,0.5168,0.5961,0.7456,0.8111,0.6067,0.588,0.5883,0.564,0.6276,0.928,0.9992,0.7763,0.7609,0.6747,0.6595,0.7022,0.7609,0.7802,0.5735,0.6073,0.5883,0.6103,0.6512,0.7652,0.8039,0.5962,0.6019,0.6739,0.5812,0.623,0.7636,0.7337,0.5773,0.605,0.6221,0.5973,0.5694,0.6416,0.5233,0.3759,0.476,0.3886,0.3785,0.3756,0.3014,0.2102,0.1139,0.1739,0.1126,0.1212,0.1502,0.1627,0.0647,0.0122,0.1162,0.1377,0.1588,0.1639,0.1986,0.065,0,0.1962,0.1654,0.1967,0.2053,0.2597,0.1771,0.0412,0.2786,0.2545,0.2835,0.2837,0.2847,0.2427,0.1831,0.2764,0.2789,0.3003,0.3459,0.3969,0.3389,0.2881,0.3597,0.3695,0.4099,0.4252,0.5475,0.4218,0.3839,0.5091,0.4986,0.5379,0.51,0.6498,0.5716,0.3697,0.431066667,0.492433333,0.5538,0.5804,0.7685,0.6294,0.5858,0.7056,0.7446,0.7763,0.8334,0.9727,1.0462,0.8831,0.8054,0.8369,0.8654,0.8607,0.8783,0.7459,0.7138,0.8167,0.8555,0.9053,0.9368,0.9708,0.9407,0.8466,1.0295,0.9607,1.0569,1.1179,1.1458,1.1902,1.0634,1.1492,1.19,1.0997,1.2021,1.3229,1.2814,1.1258,1.3555,1.3488,1.354,1.4577,1.6867,1.6616,1.4962,1.4214,1.4128,1.5258,1.579,1.7228,1.3786,1.4806,1.4965,1.4895,1.4945,1.5143,1.7563,1.6205,1.5137,1.5375,1.5024,1.603,1.6185,1.6897,1.7554,1.4862,1.5678
county,Imperial County,driving,,California,United States,0.4937,0.509,0.6005,0.6103,1.1085,1.0085,0.7324,0.7186,0.5077,0.5515,0.5779,0.9159,0.8682,0.5978,0.5231,0.495,0.5327,0.6229,1.009,0.893,0.5542,0.5959,0.5364,0.5856,0.6233,0.9335,0.8577,0.6524,0.5824,0.5375,0.5797,0.857,1.4473,1.4007,1.1256,1.0993,0.6364,0.6139,0.7291,1.1011,1.009,0.7739,0.6602,0.6481,0.6615,0.7981,1.2865,1.2459,0.9345,0.6217,0.6101,0.6116,0.7442,1.097,1.0863,0.8597,0.7899,0.6141,0.6423,0.7811,1.0157,0.7982,0.7008,0.6268,0.4362,0.3466,0.4126,0.4696,0.2909,0.1543,0.1414,0.165,0.1242,0.1635,0.2984,0.2847,0.1584,0.1346,0.1358,0.1214,0.1463,0.2743,0.1793,0.0501,0.1157,0.0934,0.0557,0.1525,0.1407,0.1545,0,0.1223,0.15,0.1628,0.2131,0.3665,0.3307,0.1903,0.2352,0.1707,0.1916,0.2518,0.3536,0.2753,0.1444,0.2609,0.2406,0.2398,0.3329,0.4733,0.3611,0.2488,0.3399,0.3143,0.3294,0.3658,0.5549,0.54,0.2944,0.345333333,0.396266667,0.4472,0.4667,0.6737,0.5882,0.462,0.4493,0.4772,0.471,0.6491,1.0271,0.8482,0.5541,0.7632,0.5622,0.5431,0.604,0.8104,0.6764,0.4844,0.5367,0.5088,0.5423,0.7037,0.9138,0.725,0.6424,0.6306,0.6292,0.6182,0.6747,0.9205,0.7049,0.556,0.6646,0.6218,0.6264,0.7569,0.9416,0.8455,0.5982,0.6866,0.6196,0.6784,0.7551,1.0941,0.8125,0.6704,0.7468,0.6911,0.8168,1.0506,1.0481,0.5362,0.7996,0.8616,0.641,0.6996,0.7834,0.9684,0.7511,0.6643,0.7144,0.6765,0.6514,0.7291,0.8849,0.8048,0.7125,0.7399
county,Inyo County,driving,,California,United States,0.6778,0.5838,0.64,0.8496,1.7442,1.1075,1.1583,1.535,0.5717,0.5155,0.8795,1.5903,0.9489,1.4884,0.7765,0.6743,0.5954,0.9589,1.3101,0.8152,1.2707,0.8642,0.5207,0.5896,0.9148,1.4143,0.9928,1.6082,0.9494,0.682,0.6511,1.0095,1.7303,1.4933,1.5269,2.201,0.9598,0.9519,1.1051,1.6089,1.2242,1.9519,0.8428,0.6613,0.6978,0.9427,1.2639,1.0601,1.6599,0.8331,0.6221,0.6386,0.831,1.282,0.9564,1.5311,0.8271,0.6281,0.6734,0.8558,1.2008,1.0708,1.3231,0.6179,0.5088,0.4206,0.4287,0.3705,0.3428,0.2748,0.1116,0.0873,0.1527,0.1216,0.1722,0.1848,0.1681,0.0963,0.1126,0.1151,0.1028,0.1414,0.182,0.0905,0.0397,0.0371,0.0258,0.068,0.1116,0.1439,0,0.0383,0.0771,0.0917,0.101,0.1752,0.1908,0.1328,0.0747,0.072,0.1386,0.1732,0.2187,0.2621,0.2001,0.1632,0.1548,0.1978,0.1806,0.3329,0.3883,0.3665,0.2518,0.1903,0.2558,0.3152,0.3765,0.2983,0.2746,0.269866667,0.265133333,0.2604,0.3596,0.6996,0.5251,0.659,0.4248,0.3561,0.425,0.5833,1.0752,1.1797,0.9835,1.0977,0.5448,0.5316,0.548,0.8672,0.7516,0.8549,0.6947,0.6453,0.7853,0.8914,1.2173,1.172,1.315,0.8721,0.8206,0.9526,1.1792,1.6093,1.4364,1.9099,1.285,1.0343,1.2407,1.533,2.0796,1.7033,2.0945,1.6971,1.3619,1.8568,1.9083,2.3867,2.2558,2.8551,1.6441,1.3779,1.8925,2.6388,2.987,1.7333,4.2948,2.2535,1.4782,1.6163,2.0682,2.4292,2.2558,2.8168,1.7853,1.4064,1.6755,1.9714,2.5745,2.5627,3.0304,1.9886
county,Kern County,driving,,California,United States,0.4845,0.5036,0.5779,0.6125,0.9389,0.8423,0.5345,0.6851,0.6251,0.6099,0.6615,0.8693,0.7399,0.4603,0.5897,0.5547,0.5308,0.6017,0.8685,0.7595,0.3968,0.5898,0.5475,0.5739,0.6467,0.896,0.7863,0.5261,0.6555,0.6198,0.6534,0.8086,1.2224,0.946,0.6583,0.8817,0.6545,0.6651,0.7487,1.0223,0.914,0.6708,0.668,0.6533,0.6836,0.7962,1.0717,0.9635,0.6665,0.6907,0.6823,0.6674,0.7496,1.0181,0.8941,0.6305,0.6578,0.6116,0.6189,0.6599,0.8753,0.7195,0.4703,0.5965,0.4985,0.4601,0.4092,0.4166,0.2361,0.0783,0.2103,0.2018,0.195,0.2086,0.3031,0.1729,0.0443,0.2026,0.2127,0.2928,0.2259,0.3297,0.2044,0.0489,0.1661,0.1692,0.1327,0.1728,0.3209,0.2466,0,0.2446,0.275,0.3429,0.3635,0.4033,0.3019,0.1776,0.3486,0.329,0.3507,0.3818,0.5222,0.4266,0.2776,0.4134,0.4297,0.4299,0.4957,0.6298,0.5864,0.3768,0.5096,0.5035,0.502,0.5736,0.7492,0.6957,0.4176,0.4834,0.5492,0.615,0.641,0.8781,0.7727,0.5851,0.6609,0.6794,0.7452,0.8185,1.1084,0.9769,0.7429,0.744,0.867,0.7919,0.8345,1.0717,0.9132,0.6923,0.7828,0.7606,0.8065,0.8734,1.066,1.0036,0.8022,0.8842,0.8948,0.9018,0.9818,1.2015,1.0898,0.8942,0.9711,0.9336,0.9569,1.0392,1.3119,1.1511,0.795,1.0318,0.9928,1.0584,1.1203,1.3736,1.1941,0.9688,1.0377,0.9944,1.1046,1.3069,1.3043,0.7356,1.0397,1.0846,0.976,0.9568,1.0563,1.2875,1.08,0.9295,0.9995,0.9589,0.9705,1.0431,1.3279,1.099,0.9236,1.0396
county,Kings County,driving,,California,United States,0.5362,0.5241,0.5621,0.5924,0.9194,0.7783,0.5526,0.768,0.6012,0.4889,0.5743,0.8002,0.7079,0.4699,0.532,0.4873,0.4797,0.544,0.8039,0.741,0.4156,0.5242,0.4817,0.5354,0.547,0.7966,0.7231,0.5726,0.6477,0.5876,0.6161,0.7547,1.2153,0.9069,0.7149,0.9463,0.6096,0.5875,0.6521,0.9165,0.9197,0.7131,0.6438,0.5672,0.6074,0.6906,0.9588,0.8673,0.701,0.6121,0.5891,0.5319,0.6659,0.9519,0.8858,0.691,0.619,0.5244,0.6006,0.6382,0.8458,0.7112,0.5004,0.5293,0.51,0.4507,0.4077,0.4441,0.3102,0.0973,0.2593,0.2398,0.2274,0.2679,0.3786,0.2322,0.0939,0.2701,0.2758,0.2819,0.2667,0.4034,0.2327,0.0857,0.1723,0.2068,0.2213,0.2234,0.3592,0.2869,0,0.2526,0.3124,0.3357,0.3583,0.4094,0.3389,0.2142,0.3541,0.3282,0.353,0.3852,0.5401,0.4293,0.2596,0.3965,0.4261,0.4412,0.5523,0.6246,0.5385,0.4082,0.4927,0.5916,0.5202,0.5826,0.7566,0.6672,0.4585,0.5077,0.5569,0.6061,0.681,0.8811,0.7919,0.6071,0.685,0.7024,0.7681,0.8751,1.1274,1.0204,0.7936,0.8739,0.7846,0.8178,0.8755,1.0794,0.9544,0.7342,0.8379,0.7824,0.8579,0.906,1.05,1.0495,0.8041,0.9089,0.8978,0.8796,0.9827,1.2273,1.1297,0.9802,1.0549,0.9127,0.9567,1.0524,1.357,1.2878,0.8653,1.2161,1.0207,1.0789,1.1615,1.3401,1.3216,1.0645,1.0695,1.0705,1.1622,1.3333,1.3171,0.6694,1.0324,1.1286,0.9757,1.017,1.1089,1.3051,1.1645,0.9994,1.0767,1.0613,1.0179,1.1061,1.2998,1.1484,1.0106,1.092
county,Lake County,driving,,California,United States,0.4839,0.567,0.6125,0.5766,0.7448,0.6454,0.4646,0.579,0.6839,0.6029,0.574,0.7766,0.6081,0.3641,0.5766,0.524,0.5472,0.6368,0.6545,0.5896,0.3146,0.53,0.4967,0.6079,0.5974,0.7349,0.7625,0.4928,0.6282,0.6086,0.637,0.6558,0.8636,0.9305,0.7813,0.7816,0.6467,0.6732,0.6527,0.9446,0.8313,0.5532,0.655,0.6295,0.6521,0.5636,0.7959,0.836,0.5079,0.5623,0.6277,0.6271,0.5925,0.7154,0.6711,0.5128,0.5211,0.6342,0.6076,0.549,0.6628,0.481,0.3537,0.4404,0.3844,0.292,0.275,0.3344,0.2136,0.05,0.211,0.1826,0.1881,0.2316,0.2404,0.0362,0.0227,0.15,0.1724,0.1636,0.192,0.2303,0.0428,0,0.0956,0.1771,0.2435,0.1805,0.2107,0.2047,0.0165,0.204,0.2373,0.2816,0.3167,0.3138,0.2448,0.1904,0.3274,0.3511,0.3454,0.4381,0.5344,0.3743,0.3641,0.4425,0.4157,0.4628,0.4032,0.5542,0.4375,0.3513,0.4605,0.4563,0.5735,0.5875,0.6118,0.6521,0.43,0.465166667,0.500333333,0.5355,0.5401,0.7141,0.6248,0.4779,0.5157,0.6735,0.7154,0.7493,1.0912,0.9907,1.1079,1.018,0.8737,0.8204,0.9045,0.9482,0.7123,0.6857,0.8167,0.8279,0.8735,1.0675,1.1532,1.0855,0.8641,0.9888,1.0386,1.0646,1.0826,1.3027,1.1896,1.1373,1.1149,1.1055,1.137,1.1672,1.4456,1.5344,1.1696,1.3019,1.292,1.2248,1.3006,1.4779,1.7326,1.3472,1.3107,1.3066,1.4568,1.6407,1.9112,1.7326,1.8,1.3777,1.3938,1.3737,1.323,1.6993,1.8745,1.5378,1.4232,1.4521,1.454,1.4612,1.6368,1.7425,1.6711,1.3722
county,Lassen County,driving,,California,United States,0.3828,0.2082,0.2296,0.3735,0.6294,0.4484,0.3315,0.4163,0.283,0.4933,0.3899,0.7321,0.494,0.3664,0.5011,0.3187,0.551,0.5425,0.8504,0.6144,0.2424,0.5382,0.4006,0.4298,0.7128,0.7513,0.7648,0.4683,0.5831,0.4904,0.5859,0.5296,0.9145,1.0357,0.8254,0.6415,0.603,0.571,0.7235,1.0421,0.8718,0.9117,0.5888,0.5988,0.6123,0.6679,0.8525,0.8247,0.7705,0.5474,0.5218,0.6308,0.7541,1.2709,0.7406,0.6408,0.6622,0.623,0.6422,0.68,1.0606,0.8475,0.6358,0.7299,0.5189,0.6615,0.5553,0.5567,0.4612,0.4619,0.2759,0.139,0.2139,0.1996,0.3293,0.2994,0.0079,0.4106,0.3222,0.2887,0.4712,0.417,0.0606,0,0.2281,0.293,0.3643,0.4334,0.5688,0.3464,0.1298,0.3707,0.4163,0.407,0.469,0.4569,0.4926,0.2623,0.3842,0.4804,0.442,0.4919,0.7869,0.7884,0.4284,0.5503,0.5752,0.5332,0.6522,0.8019,0.8375,0.5688,0.6308,0.5139,0.6686,0.7962,1.3493,1.139,0.8226,0.806433333,0.790266667,0.7741,0.9238,1.1177,1.0956,0.71,0.9216,1.0521,1.0385,1.4726,1.9922,1.6144,1.3956,1.7228,1.2752,1.2538,1.241,1.9366,1.2189,1.1519,1.3215,1.2203,1.417,1.4249,1.9466,1.901,1.6907,1.3871,1.7399,1.4819,1.8924,2.1604,2.2445,1.8026,1.7228,1.7919,1.8183,1.829,2.7983,2.7135,2.0728,1.9894,1.7791,2.1455,2.3286,2.9174,3.0072,2.8333,2.2331,2.2866,2.479,3.3757,2.9616,1.9551,3.0393,2.7848,2.0214,2.3229,2.4077,2.8461,2.5596,2.6052,2.1946,2.1946,2.0521,2.5196,3.0193,2.9651,3.6223,3.2566
county,Los Angeles County,driving,,California,United States,0.6928,0.7522,0.8213,0.8037,0.9704,0.9044,0.6171,0.6984,0.7838,0.8172,0.8895,0.9783,0.9578,0.6152,0.7264,0.7679,0.7864,0.8175,0.965,0.9404,0.5445,0.6961,0.7536,0.8053,0.8567,1.0124,0.9532,0.5974,0.7861,0.8306,0.864,0.9695,1.2154,0.9645,0.7195,0.754,0.8598,0.8671,0.928,1.0663,0.9713,0.7134,0.8231,0.8582,0.8525,0.8961,1.0402,1.0168,0.6492,0.7679,0.8652,0.831,0.9145,1.0452,0.9562,0.6936,0.732,0.7355,0.7455,0.7085,0.7066,0.5048,0.3136,0.4112,0.3527,0.317,0.2786,0.2477,0.1614,0.0497,0.1422,0.1405,0.1397,0.1427,0.185,0.111,0.0348,0.1247,0.1328,0.1462,0.1372,0.1941,0.1272,0.0263,0.0911,0.095,0.1021,0.0854,0.1573,0.1415,0,0.1249,0.149,0.1796,0.183,0.2316,0.1855,0.1044,0.1893,0.1911,0.2102,0.2241,0.2934,0.2544,0.1544,0.2186,0.2384,0.245,0.2701,0.3525,0.3112,0.2061,0.2822,0.3133,0.3113,0.3313,0.4492,0.4316,0.2854,0.3123,0.3392,0.3661,0.393,0.5087,0.4816,0.3442,0.3699,0.4332,0.4511,0.4801,0.5989,0.527,0.4109,0.3706,0.4749,0.4961,0.5106,0.6079,0.5686,0.3328,0.3736,0.4088,0.4821,0.5041,0.6024,0.5683,0.4519,0.5305,0.5698,0.6071,0.6217,0.7535,0.6918,0.534,0.595,0.6188,0.6368,0.6626,0.8228,0.7213,0.4777,0.6205,0.6491,0.6674,0.6971,0.8214,0.7538,0.5306,0.6317,0.6722,0.6995,0.7633,0.7409,0.4453,0.4804,0.6319,0.6659,0.6778,0.7115,0.8274,0.7438,0.568,0.656,0.6578,0.6713,0.69,0.8097,0.7415,0.5607,0.6508
county,Madera County,driving,,California,United States,0.5308,0.4898,0.5836,0.558,0.7695,0.7705,0.5357,0.6232,0.5326,0.5883,0.6328,0.8028,0.7303,0.5093,0.8506,0.4795,0.5253,0.5062,0.8199,0.788,0.45,0.5088,0.4783,0.5435,0.5368,0.8103,0.8362,0.6184,0.6162,0.5938,0.6426,0.7067,1.0653,0.9528,0.7375,0.7796,0.5599,0.5684,0.7411,1.0632,0.9398,0.7184,0.6043,0.6008,0.599,0.623,0.9753,0.9027,0.7208,0.5777,0.6728,0.6393,0.669,1.0373,0.8721,0.6153,0.5705,0.5486,0.5365,0.6758,0.7265,0.6201,0.3568,0.4263,0.3778,0.3914,0.3274,0.3647,0.1729,0.0869,0.179,0.1737,0.1933,0.1938,0.284,0.1753,0.0953,0.2367,0.233,0.2052,0.2429,0.2925,0.2006,0,0.1576,0.1774,0.1908,0.2013,0.2932,0.2118,0.0287,0.2393,0.4939,0.3024,0.3489,0.3704,0.2787,0.2135,0.3004,0.299,0.3247,0.3571,0.4552,0.3918,0.3167,0.3815,0.3991,0.3601,0.4783,0.5646,0.5219,0.4155,0.454,0.5559,0.4795,0.5232,0.6707,0.6552,0.4147,0.460266667,0.505833333,0.5514,0.5893,0.8043,0.7763,0.5974,0.5679,0.5698,0.6647,0.7446,0.9908,1.0275,0.8447,0.8031,0.7346,0.7699,0.803,0.9284,1.005,0.7098,0.7339,0.7501,0.7933,0.8128,1.0962,1.0651,0.8329,0.9303,1.007,0.9035,0.9528,1.1992,1.2437,1.061,1.0365,0.9488,0.9565,1.0668,1.3734,1.2771,1.0398,1.0382,0.9924,1.0742,1.0913,1.369,1.4152,1.1835,1.0902,1.1714,1.0916,1.2672,1.4076,0.9484,1.1339,1.0485,0.9774,1.4164,1.1652,1.3535,1.2913,1.1071,1.0898,1.0427,1.0551,1.1354,1.4227,1.3367,1.1469,1.0616
county,Marin County,driving,,California,United States,0.716,0.7549,0.8001,0.8192,0.9506,0.9059,0.6599,0.7604,0.8859,0.8217,0.8216,0.9104,0.8833,0.6606,0.713,0.7351,0.7601,0.8504,0.9709,0.9611,0.522,0.6747,0.7404,0.8138,0.8402,1.0076,1.0408,0.701,0.7561,0.8189,0.866,0.9276,1.1907,1.0804,0.9001,0.8899,0.8273,0.8606,0.824,0.9936,1.0072,0.8028,0.8104,0.8457,0.8753,0.9056,1.0056,1.0266,0.718,0.7483,0.8571,0.84,0.8617,0.943,0.841,0.6464,0.6877,0.7557,0.797,0.7259,0.7319,0.4688,0.3081,0.4366,0.2057,0.1852,0.2072,0.2268,0.2401,0.1131,0.1224,0.0933,0.1366,0.1431,0.1792,0.1042,0.0299,0.1425,0.1477,0.1677,0.16,0.1973,0.0876,0,0.0851,0.1445,0.1489,0.1472,0.2096,0.1674,0.0362,0.1513,0.1799,0.2115,0.2007,0.2463,0.238,0.138,0.1954,0.203,0.2217,0.2469,0.3264,0.2939,0.2116,0.2398,0.2556,0.269,0.3049,0.3635,0.3321,0.276,0.3067,0.3211,0.3497,0.366,0.4789,0.4719,0.278,0.309166667,0.340333333,0.3715,0.39,0.578,0.522,0.3236,0.3972,0.4712,0.4923,0.5243,0.6589,0.6611,0.5987,0.566,0.5841,0.6128,0.6022,0.6563,0.548,0.4722,0.532,0.5974,0.6601,0.6804,0.755,0.7991,0.6204,0.6777,0.7394,0.7603,0.7616,0.838,0.8911,0.7638,0.773,0.824,0.8543,0.8893,1.0404,0.9535,0.7717,0.7989,0.8579,0.8616,0.9009,1.0169,1.0042,0.8167,0.8289,0.8705,0.9273,1.0379,1.0339,0.6822,0.8309,0.8474,0.8633,0.9047,0.9452,1.0618,1.1174,0.9566,0.8452,0.8685,0.8982,0.9238,1.0544,1.0588,0.8873,0.8507
county,Mariposa County,driving,,California,United States,0.7375,0.6881,0.7696,0.5947,0.7589,1.2052,1.3083,1.0196,0.7031,0.6929,0.6443,0.708,1.1466,1.0079,0.6616,0.6845,0.6548,0.6059,0.6675,1.0814,0.9063,0.5888,0.6138,0.6156,0.6066,0.6993,1.1795,1.3457,0.793,0.697,0.7561,0.7001,0.9521,1.9862,2.0723,1.516,0.9697,0.9096,0.9455,1.1092,1.5954,1.6283,0.9274,0.792,0.7258,0.7113,0.8722,1.3317,1.212,0.8042,0.8045,0.8146,0.7624,0.8139,1.0881,1.2642,0.8727,0.8376,0.7077,0.7434,0.82,0.6924,0.6751,0.3941,0.2808,0.2739,0.2194,0.1688,0.1105,0.069,0.0112,0.0076,0.0135,0.0234,0.0265,0.0626,0.0509,0.0109,0.0359,0.0387,0.013,0.0318,0.0351,0.0356,0,0.042,0.0272,0.0552,0.087,0.1217,0.0644,0.1316,0.0761,0.1056,0.1308,0.0636,0.1186,0.1194,0.097,0.1459,0.1606,0.1453,0.1387,0.1774,0.2021,0.1117,0.1606,0.1904,0.167,0.1507,0.1703,0.2036,0.1741,0.1863,0.1392,0.1721,0.1677,0.268,0.2197,0.208066667,0.196433333,0.1848,0.2324,0.2574,0.3187,0.2915,0.2187,0.2703,0.3017,0.278,0.3869,0.4694,0.4598,0.5295,0.3829,0.3393,0.3714,0.3605,0.4096,0.3992,0.3225,0.3297,0.3997,0.4096,0.4778,0.5692,0.698,0.7357,1.0555,0.9493,1.1321,1.2543,1.6683,1.8256,1.641,1.6833,1.6163,1.6935,1.5921,1.7945,1.726,1.8668,1.6973,1.7049,1.5445,1.5331,1.8251,1.9144,1.6084,1.614,1.6433,1.4585,1.6532,1.6657,2.0341,1.598,1.6728,1.7431,1.7365,1.781,2.0771,2.1644,1.8185,1.712,1.877,1.7742,1.7599,1.9269,2.0916,1.7525
county,Mendocino County,driving,,California,United States,0.5806,0.5442,0.6109,0.6604,0.813,0.8244,0.6954,0.7762,0.6149,0.6,0.562,0.7337,0.6738,0.5257,0.5326,0.5275,0.5248,0.6064,0.7614,0.7948,0.4084,0.5173,0.6025,0.635,0.6947,0.8611,0.8133,0.6644,0.7306,0.6965,0.6269,0.7244,1.0421,1.2261,1.1561,1.1027,0.7659,0.8127,0.848,0.9958,1.0608,0.7798,0.7337,0.6262,0.6512,0.6599,0.8738,0.8965,0.7313,0.669,0.7128,0.7399,0.7048,0.7969,0.7576,0.6193,0.7053,0.6379,0.6656,0.6972,0.828,0.6655,0.5481,0.5227,0.4811,0.4319,0.3091,0.2996,0.208,0.1213,0.2246,0.2016,0.1675,0.218,0.1938,0.0622,0,0.1729,0.1252,0.1636,0.2153,0.2091,0.0581,0.0156,0.1605,0.196,0.206,0.2345,0.2508,0.198,0.0222,0.2371,0.2725,0.2838,0.3452,0.2847,0.1934,0.1639,0.3064,0.3279,0.3296,0.3889,0.4258,0.3155,0.284,0.3328,0.418,0.3355,0.4275,0.4466,0.3619,0.303,0.4097,0.464,0.4468,0.5237,0.5998,0.5195,0.3483,0.392366667,0.436433333,0.4805,0.5587,0.6703,0.5773,0.4255,0.5284,0.6035,0.6852,0.7233,0.9122,0.8917,0.9126,0.8208,0.7876,0.7915,0.7941,0.8287,0.7402,0.6925,0.7554,0.8444,0.8207,0.8796,1.0013,0.9737,0.8508,0.9176,0.9653,0.9609,1.0359,1.1652,1.2997,1.2738,1.1638,1.1147,1.1683,1.2713,1.4785,1.5165,1.2922,1.2898,1.3354,1.3569,1.4884,1.7511,1.8082,1.6564,1.5198,1.4112,1.5916,1.7053,1.957,1.3725,1.9595,1.5413,1.3959,1.4732,1.5864,1.8687,1.869,1.8769,1.5585,1.4603,1.5147,1.707,1.7785,1.8652,1.8327,1.6375
county,Merced County,driving,,California,United States,0.5018,0.5304,0.5039,0.5412,0.9157,0.7753,0.6173,0.7247,0.5355,0.5209,0.5579,0.8613,0.7404,0.5312,0.5238,0.4885,0.4813,0.5478,0.8275,0.7913,0.4343,0.5428,0.523,0.5375,0.5877,0.8869,0.8299,0.5852,0.594,0.5329,0.5819,0.731,1.1465,0.9644,0.6747,0.8747,0.6164,0.6156,0.6906,0.9617,0.9603,0.7627,0.6322,0.5848,0.5901,0.6557,1.0162,0.9558,0.7201,0.6226,0.6274,0.5848,0.6993,1.0259,0.9081,0.7777,0.5646,0.554,0.5273,0.6173,0.8818,0.6965,0.433,0.5542,0.4992,0.5633,0.4087,0.451,0.2692,0.0869,0.17,0.1879,0.1728,0.1971,0.2813,0.1872,0.0868,0.1799,0.2114,0.1729,0.2002,0.2817,0.1586,0,0.128,0.1554,0.1768,0.1699,0.2694,0.1885,0.0123,0.2249,0.238,0.2741,0.2933,0.3813,0.3018,0.1946,0.291,0.2743,0.2963,0.3529,0.4335,0.3725,0.264,0.3447,0.3498,0.3843,0.44,0.5858,0.4914,0.3793,0.4682,0.462,0.4848,0.5785,0.681,0.6677,0.447,0.481333333,0.515666667,0.55,0.5854,0.8938,0.7562,0.5574,0.5827,0.6112,0.6744,0.7592,1.0414,0.9418,0.7582,0.7519,0.7631,0.7096,0.7662,0.9205,0.8813,0.6959,0.7469,0.6956,0.751,0.7818,1.0211,1.0366,0.7683,0.8637,0.7903,0.8328,0.8817,1.1625,1.1141,0.8949,0.9113,0.8325,0.8618,0.9831,1.3006,1.2066,0.8966,0.9969,0.9465,0.9598,1.0276,1.2674,1.2549,1.0457,0.9607,0.9776,0.9794,1.195,1.2346,0.7734,1.0951,1.0957,0.9045,0.9471,0.9738,1.2184,1.1794,0.9823,0.9873,0.8998,0.9222,0.9477,1.2469,1.1132,0.9824,0.96
county,Mono County,driving,,California,United States,0.8018,0.8105,0.7262,0.9349,1.9021,2.1737,1.9737,1.6535,0.7189,0.6543,0.9593,2.0984,2.4491,2.0891,1.2388,0.8403,0.7031,0.9707,1.8354,2.0566,1.7099,1.0498,0.6394,0.6879,1.0471,1.9051,2.0927,1.9387,1.2141,0.8549,0.8446,1.0008,1.9655,2.4247,2.5348,2.2225,1.3011,1.3805,1.6177,2.2629,2.2572,2.1005,0.9154,0.7831,0.6977,1.078,1.898,2.1637,1.8544,0.8693,0.611,0.612,0.856,1.4508,1.499,1.5624,0.7652,0.6345,0.6326,0.8536,1.3949,1.743,1.2209,0.4508,0.2437,0.1908,0.226,0.216,0.1927,0.1382,0.0791,0.0886,0.0517,0.1008,0.1293,0.0691,0.0609,0.0661,0.0894,0.097,0.1398,0.1247,0.1043,0.0482,0.0165,0.0658,0,0.0368,0.1108,0.1648,0.0574,0.1092,0.0653,0.0786,0.0767,0.2214,0.1561,0.1686,0.0978,0.1206,0.152,0.1415,0.2442,0.261,0.2656,0.1843,0.2168,0.1607,0.2382,0.2531,0.3366,0.2971,0.251,0.2456,0.2231,0.2697,0.3469,0.3965,0.3182,0.3155,0.3128,0.3101,0.3608,0.6435,0.6982,0.5367,0.351,0.3434,0.4602,0.6454,0.9086,1.2258,1.1284,1.1252,0.6812,0.6733,0.7319,0.8791,1.0374,0.9945,0.7937,0.6972,0.7641,0.9829,1.2531,1.5161,1.3963,1.1453,1.0894,1.1558,1.3421,1.8164,2.1439,2.0712,1.8154,1.8357,1.8097,2.0447,2.6175,3.1751,2.8777,2.4559,2.3738,2.4806,2.885,3.7189,3.8948,4.1144,2.7663,2.5427,3.0197,3.7888,4.9541,4.4356,4.888,3.6904,3.261,3.3009,3.4353,4.3309,4.6223,4.4719,3.4109,3.084,3.1228,3.4836,4.4838,4.9522,4.55,3.4917
county,Monterey County,driving,,California,United States,0.631,0.6073,0.6562,0.6576,0.9565,1.1013,0.8656,0.8551,0.6862,0.7105,0.727,0.9466,0.9482,0.672,0.6869,0.6906,0.7085,0.748,0.9197,0.9789,0.5744,0.7051,0.7072,0.7982,0.8951,1.0936,1.1029,0.8959,0.7676,0.7176,0.8105,0.8983,1.321,1.5475,1.3906,1.2477,0.8268,0.8314,0.8701,1.0925,1.241,0.9363,0.8148,0.7872,0.801,0.833,1.1048,1.2199,0.8593,0.7587,0.7854,0.7739,0.8156,1.0058,1.0054,0.7922,0.728,0.6787,0.76,0.7247,0.8306,0.6922,0.4584,0.5035,0.4141,0.2713,0.2666,0.283,0.1739,0.0501,0.1557,0.1427,0.1373,0.1512,0.2123,0.1162,0.0432,0.1687,0.1863,0.1747,0.1783,0.2379,0.1334,0,0.1223,0.1561,0.1633,0.1847,0.284,0.2008,0.0222,0.1948,0.2162,0.2658,0.2566,0.3185,0.2635,0.1732,0.255,0.2264,0.2861,0.3011,0.3957,0.3626,0.2586,0.3261,0.3501,0.3173,0.3802,0.4852,0.4517,0.3269,0.3783,0.3914,0.4043,0.4738,0.6075,0.603,0.4281,0.438666667,0.449233333,0.4598,0.5149,0.6712,0.7199,0.4778,0.5252,0.5601,0.58,0.6605,1.0779,0.9976,0.9675,0.902,0.7652,0.7739,0.784,0.8861,0.821,0.7062,0.6934,0.7625,0.7909,0.8025,0.9593,1.1119,0.8755,0.8525,0.9059,0.9127,0.9607,1.1769,1.3623,1.1991,0.9742,0.9703,1.0399,1.0869,1.2891,1.4875,1.1545,1.0689,1.0653,1.0685,1.1281,1.6235,1.6213,1.3126,1.1235,1.1234,1.1084,1.2754,1.5134,1.064,1.1391,1.1097,1.081,1.0325,1.0999,1.307,1.46,1.3253,1.12,1.0258,1.0377,1.0706,1.3082,1.4942,1.2593,1.078
county,Napa County,driving,,California,United States,0.6889,0.7166,0.7656,0.7081,1.0105,1.144,0.8558,0.7641,0.6768,0.7737,0.78,0.9451,0.9511,0.6828,0.674,0.6904,0.7436,0.8153,0.942,1.0218,0.5235,0.6831,0.7494,0.7861,0.8458,1.0297,1.1448,0.8171,0.8311,0.8163,0.8141,0.9448,1.2874,1.4445,1.2436,0.9764,0.9015,0.9271,1.0166,1.3289,1.3481,0.9794,0.8555,0.858,0.8605,1.0756,1.1284,1.3589,1.1017,0.814,0.857,0.8365,0.9277,1.0783,1.0448,0.7803,0.7972,0.8093,0.7896,0.7969,0.8533,0.6887,0.4155,0.4126,0.3359,0.2871,0.263,0.2129,0.1075,0.0385,0.1286,0.1171,0.1306,0.152,0.1994,0.0705,0.0187,0.1385,0.1682,0.1726,0.1704,0.2419,0.0607,0,0.1164,0.1815,0.1901,0.1985,0.2582,0.1705,0.018,0.1757,0.2009,0.2073,0.2132,0.2574,0.2149,0.1095,0.2055,0.2224,0.2381,0.288,0.3659,0.2803,0.1989,0.2744,0.3043,0.3022,0.342,0.4077,0.3029,0.2437,0.3324,0.3511,0.3467,0.4072,0.5112,0.4257,0.2667,0.304966667,0.343233333,0.3815,0.4084,0.5592,0.4815,0.3036,0.3952,0.4696,0.5202,0.5649,0.7311,0.6631,0.6091,0.5564,0.6023,0.5816,0.6319,0.7353,0.586,0.5246,0.6023,0.6531,0.6729,0.7134,0.832,0.8813,0.7445,0.7274,0.8142,0.8283,0.8403,1.0261,1.1418,0.9567,0.8603,0.9095,0.9406,0.9828,1.1932,1.2961,0.9978,0.9445,0.9558,1.0026,1.0297,1.2497,1.3839,1.0989,0.9688,1.234,1.0414,1.2102,1.4052,1.0062,0.9908,1.0002,0.9721,0.984,1.0318,1.19,1.2404,0.9873,0.9339,0.9423,0.983,1.007,1.1621,1.1796,0.9639,0.9307
county,Nevada County,driving,,California,United States,0.67,0.5551,0.594,0.5541,1.3216,1.2465,0.9558,1.5641,0.5823,0.5191,0.6202,0.9333,1.0204,1.6311,0.5655,0.6209,0.5472,0.5866,0.8667,0.9771,0.6894,0.7921,0.5481,0.5619,0.621,0.8999,1.0285,0.9056,0.6076,0.5889,0.6214,0.7141,1.1143,1.3431,1.2219,1.5077,0.8099,0.8004,0.8228,1.0924,1.1058,1.0962,0.65,0.6036,0.6024,0.6639,0.9391,1.0071,1.8978,0.6198,0.6386,0.6034,0.6706,0.9363,0.872,0.8272,0.6155,0.6103,0.5833,0.6006,0.8432,0.9111,0.9886,1.0522,0.5514,0.3242,0.3842,0.3285,0.2469,0.1643,0.1927,0.1625,0.249,0.2819,0.2827,0.1603,0.0838,0.1681,0.2348,0.2555,0.2475,0.2881,0.127,0,0.1804,0.2153,0.2429,0.2467,0.325,0.2619,0.082,0.261,0.288,0.2903,0.3179,0.3395,0.3248,0.2218,0.2793,0.3317,0.3572,0.414,0.4507,0.4349,0.3229,0.3953,0.4505,0.4214,0.489,0.5807,0.5086,0.4184,0.4839,0.4821,0.5126,0.5572,0.6637,0.6946,0.4298,0.471266667,0.512733333,0.5542,0.6276,0.86,0.7846,0.4149,0.495,0.5821,0.7081,0.8928,1.0352,1.0046,0.9071,0.9489,0.9143,0.9783,0.9889,0.9605,0.736,0.7811,0.8365,0.8475,0.9441,1.0067,1.1523,1.1424,0.9234,0.9878,0.9992,1.0742,1.1507,1.3313,1.3577,1.2342,1.1416,1.1871,1.2519,1.2903,1.6442,1.644,1.3635,1.3801,1.403,1.4638,1.6394,1.8594,1.8509,1.6954,1.4147,1.4623,1.5733,1.8561,2.1485,1.568,2.2049,1.6178,1.5228,1.5015,1.8711,1.8227,1.9431,1.8029,1.5236,1.4187,1.5145,1.6348,1.9313,1.9739,1.809,1.555
county,Orange County,driving,,California,United States,0.6971,0.7643,0.8187,0.8305,1.0531,0.9886,0.6612,0.7669,0.7788,0.8094,0.8807,0.9948,0.9711,0.6052,0.746,0.7972,0.8007,0.8308,0.9818,0.9461,0.5349,0.7135,0.7611,0.7863,0.8489,1.0019,0.9831,0.5934,0.7706,0.835,0.877,0.9797,1.2104,1.0081,0.7409,0.8198,0.8262,0.8633,0.9302,1.0885,0.9799,0.7147,0.807,0.8551,0.8642,0.8928,1.0589,1.035,0.6321,0.7585,0.8622,0.8288,0.8679,1.0233,0.9756,0.6421,0.7355,0.7234,0.7562,0.7109,0.7277,0.5444,0.3336,0.4481,0.3885,0.3049,0.2545,0.2482,0.1627,0.0505,0.1448,0.1539,0.147,0.1546,0.2165,0.1316,0.0439,0.1489,0.1544,0.1633,0.1514,0.2174,0.1541,0.0298,0.0917,0.1068,0.1279,0.1096,0.187,0.1797,0,0.1439,0.1759,0.2046,0.2101,0.2679,0.2061,0.114,0.2082,0.2142,0.2491,0.2635,0.3433,0.3071,0.185,0.2497,0.2781,0.2822,0.3179,0.3925,0.3405,0.2197,0.3065,0.3451,0.3518,0.39,0.507,0.4941,0.3011,0.337,0.3729,0.4088,0.4436,0.5699,0.5487,0.3876,0.411,0.4721,0.5189,0.5464,0.6752,0.6019,0.4862,0.4475,0.5612,0.5867,0.5963,0.6978,0.6744,0.4586,0.4999,0.5121,0.5867,0.6033,0.7138,0.6833,0.5228,0.617,0.6797,0.7105,0.7528,0.87,0.8302,0.6343,0.6987,0.7147,0.7363,0.76,0.9165,0.8679,0.5375,0.7186,0.7483,0.7729,0.7913,0.9125,0.8737,0.5994,0.7074,0.7548,0.7761,0.8333,0.8381,0.4855,0.508,0.6878,0.7237,0.7477,0.7795,0.89,0.8272,0.6294,0.7105,0.723,0.7408,0.7549,0.8861,0.8286,0.6211,0.7016
county,Placer County,driving,,California,United States,0.6254,0.6297,0.662,0.653,1.0118,0.9404,0.6008,0.9885,0.6273,0.6497,0.663,0.8698,0.9169,0.6984,0.6038,0.6797,0.633,0.6999,0.8784,0.9294,0.4647,0.6548,0.6489,0.6613,0.7079,0.9356,0.9484,0.68,0.6827,0.6988,0.7139,0.7853,1.0755,1.0139,0.8031,1.0234,0.7415,0.7622,0.7995,1.0078,1.0951,0.8811,0.7074,0.7162,0.7284,0.7661,0.9831,1.0514,0.7619,0.7027,0.7473,0.807,0.7584,0.9287,0.897,0.6588,0.6407,0.6608,0.6481,0.6425,0.7788,0.6129,0.3963,0.4475,0.4217,0.3161,0.334,0.2644,0.1854,0.0837,0.1553,0.1471,0.1668,0.2054,0.2595,0.1368,0.0581,0.1869,0.2191,0.2146,0.2237,0.3017,0.1208,0,0.1603,0.2185,0.2184,0.239,0.3236,0.2567,0.0136,0.2356,0.2542,0.2807,0.2957,0.3655,0.3219,0.1968,0.293,0.3143,0.3324,0.3683,0.4451,0.3937,0.2669,0.3689,0.3911,0.3887,0.4308,0.5458,0.4637,0.3352,0.4274,0.4598,0.4726,0.4914,0.6388,0.5741,0.3493,0.397633333,0.445966667,0.4943,0.534,0.753,0.6947,0.3589,0.5177,0.6302,0.6736,0.7484,0.9495,0.8711,0.707,0.6874,0.7812,0.8232,0.8341,0.9455,0.84,0.6908,0.768,0.7745,0.815,0.8773,1.037,1.0283,0.8183,0.8894,0.9086,0.9668,0.9669,1.1297,1.1318,1.002,0.9652,0.9777,1.0163,1.0606,1.2931,1.2644,0.916,1.0276,1.0349,1.0708,1.243,1.3266,1.3078,1.0727,1.0833,1.0924,1.2068,1.3406,1.3812,0.8422,1.1117,1.1231,1.1047,1.1193,1.1591,1.3444,1.2838,1.0826,1.0735,1.0611,1.1081,1.1499,1.2834,1.251,1.0654,1.0899
county,Riverside County,driving,,California,United States,0.6312,0.6527,0.7173,0.7421,1.0169,0.9905,0.6686,0.7307,0.6876,0.7029,0.7524,0.9552,0.9248,0.5907,0.6554,0.6804,0.6767,0.7344,0.9728,0.8868,0.5589,0.6602,0.684,0.7151,0.7574,0.9676,0.9727,0.6159,0.6932,0.7288,0.741,0.8745,1.1778,1.0435,0.7741,0.9006,0.8096,0.8285,0.8859,1.0815,1.0216,0.7708,0.7997,0.8063,0.8091,0.8741,1.0649,1.0438,0.7465,0.7578,0.8243,0.8029,0.8748,1.0668,1.0299,0.7304,0.7464,0.7407,0.7272,0.7328,0.8069,0.6203,0.4062,0.4978,0.4396,0.3574,0.3253,0.3194,0.1957,0.0859,0.1926,0.2048,0.1916,0.1986,0.2519,0.1609,0.0698,0.1865,0.1855,0.1954,0.1951,0.2741,0.1745,0.0572,0.1351,0.1173,0.1249,0.1311,0.2187,0.1975,0,0.1768,0.2113,0.245,0.2568,0.3246,0.2482,0.1524,0.2569,0.2622,0.2769,0.3021,0.3851,0.318,0.2009,0.3042,0.327,0.3445,0.3698,0.4734,0.409,0.2775,0.384,0.3935,0.4,0.4238,0.5851,0.5283,0.341,0.384,0.427,0.47,0.5129,0.655,0.6004,0.4406,0.5158,0.5503,0.574,0.6283,0.8201,0.7325,0.5637,0.5349,0.625,0.6556,0.6719,0.808,0.7714,0.5423,0.5856,0.6018,0.6759,0.7117,0.8608,0.8115,0.634,0.7114,0.7158,0.7366,0.7804,0.9628,0.9315,0.7281,0.7709,0.7733,0.7878,0.8383,1.0435,0.9846,0.6725,0.8125,0.8004,0.8253,0.8603,1.052,0.9908,0.7512,0.803,0.8265,0.8522,0.9479,0.9885,0.6104,0.6668,0.793,0.7798,0.8157,0.8485,1.0036,0.9284,0.6944,0.7878,0.7823,0.7858,0.8147,0.9813,0.9186,0.7044,0.7892
county,Sacramento County,driving,,California,United States,0.6185,0.6419,0.692,0.6498,0.8564,0.7463,0.4546,0.5885,0.7209,0.7352,0.7366,0.8821,0.7494,0.4695,0.641,0.6726,0.686,0.7346,0.8915,0.8083,0.4008,0.6417,0.7098,0.7343,0.7801,0.9174,0.8047,0.5382,0.7026,0.7451,0.7312,0.8394,1.0182,0.8043,0.5869,0.657,0.7289,0.7515,0.8074,0.9658,0.9096,0.6126,0.7409,0.7697,0.78,0.826,0.9681,0.8715,0.5722,0.7205,0.8176,0.7614,0.8025,0.9192,0.8038,0.5194,0.6669,0.7163,0.7162,0.6923,0.7547,0.4893,0.2595,0.4159,0.3766,0.3007,0.3193,0.2347,0.1415,0.0393,0.1567,0.1454,0.1639,0.1804,0.2313,0.1049,0.0362,0.1775,0.1941,0.195,0.209,0.2701,0.1136,0,0.1594,0.2025,0.1935,0.2076,0.2843,0.2042,0.0243,0.2102,0.2361,0.2747,0.2719,0.3297,0.2736,0.1584,0.2793,0.2803,0.2914,0.3177,0.3743,0.3187,0.1908,0.3094,0.333,0.3302,0.3642,0.4765,0.3941,0.2635,0.3897,0.4064,0.3957,0.4124,0.5163,0.4739,0.2893,0.3426,0.3959,0.4492,0.4818,0.6233,0.5621,0.3178,0.4629,0.5319,0.574,0.6052,0.7348,0.656,0.4945,0.4791,0.6065,0.6205,0.6511,0.779,0.6844,0.5232,0.5979,0.601,0.6296,0.6752,0.8371,0.8117,0.5665,0.6901,0.7243,0.7167,0.749,0.9028,0.9172,0.6992,0.7268,0.7612,0.7789,0.8135,0.9752,0.9092,0.6024,0.7715,0.803,0.8229,0.8555,0.9892,0.933,0.701,0.7913,0.8288,0.8569,0.9195,0.9223,0.5547,0.6049,0.8019,0.8048,0.8187,0.8499,0.9737,0.883,0.6715,0.7884,0.7882,0.8138,0.8434,0.9551,0.8568,0.6783,0.8217
county,San Benito County,driving,,California,United States,0.5899,0.5667,0.5788,0.542,0.8449,0.8233,0.6964,0.6302,0.5927,0.6437,0.5968,1.0028,0.8389,0.4533,0.623,0.5684,0.5609,0.6136,0.8113,0.7747,0.4685,0.5311,0.5392,0.5811,0.6499,0.9471,0.8636,0.6241,0.7163,0.676,0.6789,0.6964,1.1321,1.3364,1.0208,0.9436,0.6741,0.6137,0.6854,0.9448,0.9702,0.7618,0.6533,0.615,0.6498,0.7134,1.5885,1.0119,0.6939,0.7378,0.7104,0.7034,0.7198,0.9378,1.0559,0.6412,0.5306,0.5964,0.5907,0.5642,0.7095,0.6761,0.3656,0.428,0.4255,0.2598,0.2329,0.2633,0.1665,0.0512,0.1591,0.1895,0.1544,0.1658,0.2096,0.1215,0.0117,0.212,0.2002,0.2067,0.1702,0.2515,0.1043,0.0066,0.0763,0.1265,0.1282,0.1388,0.2493,0.1703,0,0.1752,0.1882,0.2249,0.2166,0.3277,0.2321,0.1536,0.2289,0.2564,0.2704,0.2944,0.3905,0.3518,0.2737,0.2797,0.3128,0.2942,0.3531,0.5363,0.4295,0.303,0.3799,0.4349,0.3463,0.4674,0.5846,0.6181,0.3693,0.421133333,0.472966667,0.5248,0.5793,0.7244,0.7483,0.5341,0.5749,0.6289,0.6069,0.6766,0.9842,0.9973,0.8412,0.7143,0.7497,0.821,0.8814,0.9451,0.8789,0.7055,0.7448,0.786,0.8451,0.8268,1.0278,1.0542,0.7646,0.834,0.8471,0.8748,0.918,1.1985,1.388,1.0935,0.8481,0.8693,0.9705,1.0152,1.3683,1.5801,1.006,1.0599,0.9273,0.9168,1.0321,1.5679,1.6872,1.1382,0.9923,1.0406,0.9819,1.2073,1.4471,0.884,1.1746,1.0902,1.1491,1.0268,1.0721,1.4404,1.4288,1.0985,1.0044,0.9541,0.9708,1.0131,1.3095,1.4535,1.0371,0.9385
county,San Bernardino County,driving,,California,United States,0.6196,0.6347,0.6761,0.7262,1.0246,0.8519,0.6105,0.7334,0.6528,0.655,0.733,0.9665,0.8483,0.6064,0.6451,0.654,0.6429,0.6897,0.9631,0.8223,0.5064,0.6405,0.6439,0.6505,0.7142,0.9418,0.8454,0.5829,0.6853,0.7433,0.7312,0.8654,1.2296,0.9322,0.6915,0.8469,0.7363,0.7388,0.8666,1.0447,0.8862,0.7215,0.7983,0.7357,0.7656,0.8052,1.0831,0.9687,0.723,0.7167,0.7843,0.8066,0.8282,1.0571,0.9573,0.6755,0.6991,0.7683,0.6814,0.7453,0.8261,0.5894,0.3961,0.5147,0.4342,0.3835,0.3383,0.3391,0.2101,0.0898,0.1915,0.2031,0.1957,0.195,0.2645,0.1692,0.067,0.1953,0.1875,0.2065,0.1959,0.2861,0.1809,0.0544,0.135,0.1291,0.1321,0.1398,0.2144,0.1922,0,0.1785,0.2021,0.2486,0.2612,0.3276,0.2515,0.1523,0.2537,0.2484,0.2775,0.3156,0.4086,0.3396,0.2094,0.309,0.3265,0.3364,0.3796,0.4974,0.4647,0.3104,0.3927,0.3973,0.4005,0.4389,0.5949,0.5561,0.3538,0.3954,0.437,0.4786,0.5164,0.6923,0.6249,0.4677,0.5093,0.5502,0.604,0.6613,0.8984,0.7758,0.6078,0.585,0.6595,0.6776,0.6991,0.8744,0.8369,0.5937,0.5898,0.5833,0.6672,0.7226,0.9592,0.8541,0.7006,0.7349,0.7619,0.7763,0.8234,1.0849,1.0121,0.8541,0.8083,0.8527,0.8423,0.8912,1.1626,0.9935,0.8081,0.8752,0.8381,0.8926,0.9138,1.1733,1.0142,0.8736,0.8543,0.8692,0.9202,1.0907,1.1509,0.6598,0.9139,0.8903,0.8375,0.8474,0.9028,1.1212,0.9515,0.7965,0.8378,0.8159,0.8295,0.8819,1.1129,1.0159,0.8523,0.8548
county,San Diego County,driving,,California,United States,0.683,0.7662,0.8057,0.8247,0.9848,0.8983,0.6347,0.7204,0.8012,0.8023,0.8781,1.0299,0.9098,0.585,0.7277,0.8018,0.8041,0.8551,1.1052,0.9155,0.5133,0.7293,0.8136,0.84,0.8854,1.017,0.9584,0.5781,0.7329,0.8374,0.8618,0.976,1.2271,1.0162,0.7815,0.8083,0.8498,0.8629,0.9025,1.0938,0.9291,0.7024,0.8098,0.8628,0.8707,0.9002,1.098,1.0136,0.6331,0.7858,0.8784,0.8391,0.8933,1.0745,0.9636,0.6783,0.788,0.7946,0.7878,0.7337,0.7637,0.5779,0.3876,0.4816,0.402,0.3064,0.296,0.2615,0.1865,0.0776,0.1501,0.1629,0.1502,0.15,0.208,0.1462,0.0651,0.1668,0.1611,0.1677,0.1656,0.226,0.1421,0.0396,0.1032,0.1043,0.1182,0.1223,0.1767,0.1808,0,0.148,0.1839,0.2148,0.2148,0.2737,0.2094,0.1167,0.2138,0.2174,0.2327,0.2542,0.3181,0.2777,0.1663,0.2548,0.2773,0.2941,0.3246,0.4168,0.3733,0.2517,0.3283,0.3522,0.3473,0.366,0.475,0.4484,0.2752,0.318533333,0.361866667,0.4052,0.4361,0.5599,0.5422,0.3803,0.4515,0.4837,0.4978,0.5408,0.6816,0.6284,0.5038,0.4658,0.5492,0.5664,0.5845,0.6985,0.7249,0.5259,0.555,0.5575,0.593,0.6178,0.7177,0.732,0.5639,0.6353,0.6722,0.6828,0.7176,0.8696,0.8607,0.6586,0.6934,0.7191,0.7301,0.7557,0.9233,0.879,0.5882,0.7304,0.7574,0.7604,0.7985,0.9468,0.9206,0.6809,0.7305,0.7801,0.8187,0.9129,0.9615,0.6722,0.6723,0.7782,0.771,0.7837,0.8256,0.9521,0.9182,0.7086,0.7664,0.7754,0.7772,0.7946,0.952,0.9177,0.7049,0.7575
county,San Francisco County,driving,,California,United States,0.7517,0.7988,0.7949,0.7709,0.9712,1.1101,0.7597,0.6804,0.716,0.7421,0.7503,0.8818,1.0404,0.6806,0.6172,0.6588,0.677,0.7353,0.8837,0.9386,0.6339,0.6264,0.6708,0.6945,0.761,0.8995,1.0562,0.7236,0.69,0.7225,0.7591,0.8513,1.1191,1.1338,0.9291,0.7311,0.7175,0.737,0.8042,0.9845,1.0482,0.8222,0.7466,0.7982,0.8018,0.8334,0.9846,0.9265,0.7062,0.662,0.741,0.7151,0.7504,0.8319,0.7922,0.5972,0.5775,0.6377,0.5995,0.5547,0.5884,0.4,0.255,0.3511,0.1133,0.0949,0.1071,0.1365,0.0837,0.0261,0.0608,0.0575,0.0704,0.0661,0.107,0.0433,0.0026,0.0623,0.0704,0.0823,0.07,0.1199,0.046,0,0.0433,0.0886,0.088,0.0891,0.1467,0.0922,0.0251,0.0742,0.0998,0.1101,0.086,0.1422,0.1381,0.0707,0.1025,0.1021,0.1267,0.1405,0.2217,0.2033,0.1127,0.1338,0.1499,0.1495,0.1593,0.2289,0.1889,0.1459,0.1514,0.1927,0.192,0.211,0.2829,0.2364,0.1602,0.1842,0.2082,0.2322,0.2497,0.3347,0.3232,0.2034,0.2381,0.2671,0.3053,0.3205,0.4186,0.4161,0.3834,0.3793,0.3518,0.3668,0.3749,0.4296,0.3904,0.2703,0.2881,0.3064,0.4351,0.3665,0.435,0.4412,0.3306,0.3653,0.4085,0.4132,0.4517,0.5175,0.515,0.4098,0.4281,0.4494,0.4868,0.5371,0.6122,0.5348,0.3664,0.4376,0.4715,0.5036,0.4996,0.5998,0.5651,0.4517,0.4783,0.5024,0.5355,0.5632,0.5179,0.3862,0.3721,0.4501,0.4729,0.4917,0.5125,0.6088,0.6147,0.5004,0.4598,0.4827,0.5023,0.504,0.6211,0.6052,0.4729,0.4593
county,San Joaquin County,driving,,California,United States,0.5572,0.5477,0.579,0.5537,0.8687,0.7034,0.397,0.5663,0.5589,0.6174,0.6006,0.813,0.6939,0.4006,0.5448,0.5807,0.5564,0.6078,0.8837,0.7145,0.3686,0.6077,0.5769,0.5894,0.7471,0.8641,0.79,0.5255,0.6548,0.6345,0.641,0.7104,1.0261,0.8264,0.5217,0.6717,0.6873,0.6506,0.6878,0.9397,0.9194,0.606,0.6804,0.7163,0.6937,0.7392,0.8944,0.8444,0.5262,0.6645,0.7494,0.6792,0.7124,0.9012,0.7855,0.4778,0.6125,0.6271,0.6144,0.6099,0.7451,0.5574,0.2454,0.4593,0.3899,0.362,0.3493,0.3356,0.1643,0.0452,0.1987,0.1844,0.1851,0.1986,0.2555,0.1193,0.0171,0.2117,0.1975,0.2158,0.2102,0.2896,0.1321,0,0.1639,0.1911,0.1973,0.2228,0.2951,0.2128,0.0063,0.2272,0.2468,0.2928,0.2913,0.3795,0.3131,0.1658,0.3088,0.3129,0.3243,0.3478,0.4294,0.3553,0.2205,0.3502,0.3652,0.3673,0.4145,0.5435,0.4457,0.2983,0.4648,0.4547,0.4776,0.4984,0.641,0.5655,0.3567,0.4208,0.4849,0.549,0.5786,0.7434,0.6507,0.4003,0.5763,0.6436,0.6684,0.7312,0.8988,0.7808,0.6162,0.5943,0.7392,0.7513,0.8067,0.9362,0.8093,0.5506,0.7503,0.7473,0.7574,0.7915,1.025,0.8963,0.6393,0.8157,0.8285,0.8208,0.8375,1.0336,0.9559,0.7171,0.8531,0.8411,0.8464,0.9023,1.1217,1.0213,0.7186,0.875,0.8812,0.9123,0.9449,1.1661,1.0798,0.7867,0.9148,0.9161,0.9572,1.097,1.1058,0.6714,0.8182,0.894,0.8768,0.9023,0.9317,1.1465,1.0097,0.773,0.8953,0.8977,0.9089,0.9461,1.1006,0.9872,0.7526,0.8848
county,San Luis Obispo County,driving,,California,United States,0.6187,0.6457,0.6961,0.7825,1.246,1.4122,1.132,1.0545,0.6969,0.6678,0.763,1.0897,1.2139,0.8649,0.6416,0.6449,0.6693,0.7614,1.0998,1.2425,0.6961,0.6467,0.6252,0.6749,0.7937,1.1289,1.2877,1.0409,0.7643,0.7088,0.751,0.9923,1.6284,1.9396,1.7823,1.6085,0.8523,0.8507,0.9725,1.421,1.4238,1.1856,0.7833,0.7803,0.7731,0.9064,1.3098,1.5157,1.0909,0.7326,0.7564,0.7502,0.9126,1.2719,1.3331,1.01,0.7095,0.6438,0.6741,0.7918,1.0964,1.0508,0.6898,0.5589,0.4861,0.4596,0.3831,0.2948,0.2184,0.025,0.1202,0.1282,0.1255,0.1636,0.2232,0.1741,0.082,0.1737,0.1762,0.1774,0.175,0.2707,0.2153,0,0.1182,0.1433,0.131,0.1469,0.3148,0.2673,0.014,0.1716,0.2214,0.2713,0.2586,0.3377,0.3042,0.2393,0.2889,0.2766,0.342,0.3601,0.4944,0.549,0.4307,0.3694,0.3817,0.3856,0.4585,0.5692,0.6372,0.5191,0.4593,0.4635,0.4773,0.5308,0.7251,0.8479,0.5464,0.564233333,0.582066667,0.5999,0.6642,0.8733,1.1274,0.9057,0.6765,0.6763,0.739,0.8462,1.1631,1.4562,1.4847,1.1969,0.9263,0.9652,0.9862,1.1714,1.3652,1.1186,0.9561,0.8199,0.9111,1.0033,1.2271,1.4925,1.2784,1.0354,1.0558,1.1066,1.2882,1.6301,1.93,1.7443,1.818,1.2636,1.2611,1.2884,1.5807,1.8343,1.3221,1.3591,1.2971,1.3453,1.4484,1.803,2.1847,1.7446,1.3443,1.327,1.3421,1.5512,1.8349,1.3278,1.5755,1.331,1.2707,1.2672,1.4291,1.738,1.8959,1.7189,1.344,1.2759,1.3061,1.4216,1.7483,1.9356,1.6762,1.3668
county,San Mateo County,driving,,California,United States,0.7456,0.7747,0.8086,0.8538,0.9915,0.7787,0.5596,0.6534,0.7986,0.8033,0.8081,0.9034,0.7436,0.5098,0.6841,0.7112,0.7382,0.8077,0.903,0.7811,0.4546,0.6715,0.7283,0.7457,0.8342,0.9113,0.806,0.5779,0.7529,0.7849,0.8315,0.8836,1.0134,0.8124,0.6367,0.706,0.7776,0.7539,0.8119,0.9398,0.8545,0.6249,0.7825,0.8108,0.8969,0.9103,0.9567,0.7809,0.5382,0.7215,0.8243,0.7604,0.8298,0.8427,0.6738,0.4843,0.6137,0.6536,0.6331,0.5931,0.6241,0.3883,0.2262,0.4025,0.1723,0.1533,0.1665,0.1824,0.1301,0.0482,0.1001,0.0958,0.1075,0.1187,0.1443,0.0823,0.0226,0.1082,0.1246,0.1216,0.1181,0.1615,0.0733,0,0.0655,0.1067,0.11,0.1225,0.173,0.1279,0.0231,0.1127,0.1312,0.142,0.1321,0.1829,0.1616,0.0949,0.1336,0.1465,0.1595,0.1669,0.2348,0.2041,0.1279,0.1694,0.1864,0.1784,0.2032,0.2707,0.2317,0.1642,0.2148,0.2422,0.2445,0.2697,0.3477,0.3233,0.236,0.2525,0.269,0.2855,0.3088,0.4053,0.3835,0.2395,0.2974,0.3483,0.3771,0.411,0.515,0.4725,0.4112,0.4218,0.4444,0.4469,0.4498,0.5268,0.4259,0.3357,0.4285,0.443,0.4887,0.4866,0.5546,0.5303,0.414,0.4705,0.509,0.5302,0.5421,0.6112,0.6015,0.5054,0.5203,0.5387,0.5624,0.6638,0.749,0.6859,0.5137,0.5721,0.5981,0.6259,0.6324,0.7389,0.7371,0.543,0.6299,0.6444,0.6792,0.7183,0.6724,0.4181,0.4304,0.5801,0.5927,0.6181,0.6386,0.726,0.7423,0.6047,0.5893,0.6157,0.6144,0.6408,0.7359,0.7277,0.5616,0.5862
county,Santa Barbara County,driving,,California,United States,0.5923,0.6352,0.7223,0.7211,1.0817,1.1372,0.8921,0.8775,0.6746,0.6987,0.7633,0.9476,0.9878,0.72,0.6176,0.642,0.6659,0.6942,0.8996,0.9599,0.5618,0.6293,0.6114,0.651,0.7399,0.942,1.0427,0.744,0.6943,0.668,0.7133,0.9296,1.4082,1.3778,1.1596,1.1783,0.7584,0.7777,0.852,1.0784,1.0669,0.8578,0.7358,0.6849,0.671,0.7811,1.0191,1.091,0.7967,0.6745,0.7081,0.7071,0.7752,1.0226,1.0111,0.7374,0.6961,0.5919,0.6305,0.6302,0.709,0.5936,0.4012,0.3933,0.3619,0.3308,0.2861,0.2536,0.1602,0,0.0991,0.1232,0.14,0.1343,0.203,0.1494,0.0887,0.1315,0.1691,0.1494,0.1456,0.2193,0.181,0.0104,0.101,0.1064,0.096,0.0766,0.2314,0.2253,0.0178,0.1363,0.1945,0.2323,0.2379,0.284,0.2817,0.1842,0.2223,0.2378,0.2688,0.2947,0.4188,0.4182,0.2985,0.2751,0.3004,0.3061,0.3409,0.4736,0.483,0.3536,0.3259,0.37,0.3704,0.4903,0.5578,0.6049,0.3999,0.418433333,0.436966667,0.4555,0.5009,0.6932,0.7163,0.556,0.5056,0.5332,0.5563,0.6245,0.8412,0.9266,0.8951,0.7764,0.6478,0.6757,0.6969,0.8112,0.8681,0.6639,0.5982,0.6168,0.6621,0.6945,0.8497,0.9411,0.8235,0.7311,0.7775,0.8036,0.8919,1.1419,1.2172,1.0542,0.8948,0.8671,0.8629,0.9101,1.0975,1.1547,0.8633,0.9008,0.8927,0.9162,0.9863,1.1581,1.2472,1.0176,0.912,0.9055,0.9885,1.0943,1.324,0.845,0.9756,0.923,0.9003,0.9007,1.0075,1.2148,1.221,1.0275,0.9587,0.9334,0.9612,1.0168,1.1786,1.2367,1.0593,0.9504
county,Santa Clara County,driving,,California,United States,0.7228,0.7668,0.7839,0.7779,0.9304,0.7829,0.6043,0.6476,0.7702,0.8045,0.8178,0.9366,0.7562,0.5119,0.7071,0.7545,0.7707,0.8038,0.9189,0.7501,0.4519,0.6899,0.7403,0.7617,0.8164,0.9232,0.7949,0.5514,0.7553,0.802,0.824,0.932,1.0341,0.7964,0.5949,0.6614,0.78,0.7861,0.8136,0.9347,0.8333,0.5896,0.7836,0.8324,0.8673,0.8698,0.9848,0.8492,0.5648,0.7463,0.8312,0.7909,0.8223,0.9016,0.7205,0.4775,0.636,0.6675,0.652,0.6267,0.6486,0.4057,0.2283,0.425,0.1793,0.151,0.1613,0.1838,0.0943,0.0234,0.099,0.0994,0.1021,0.1177,0.1524,0.0749,0.0226,0.1086,0.1169,0.1158,0.1162,0.1704,0.0857,0,0.0674,0.113,0.1135,0.1206,0.1793,0.1341,0.0237,0.111,0.1285,0.1559,0.1482,0.2063,0.1727,0.1015,0.1473,0.1471,0.1694,0.1885,0.2469,0.2137,0.1309,0.1698,0.1944,0.1956,0.2243,0.2957,0.26,0.1778,0.2369,0.2721,0.2692,0.2847,0.3684,0.3421,0.2273,0.2555,0.2837,0.3119,0.3364,0.4479,0.4065,0.2458,0.3348,0.3689,0.3945,0.4315,0.548,0.4712,0.3673,0.3409,0.4373,0.4556,0.4608,0.6019,0.4545,0.3301,0.4126,0.4288,0.4626,0.5047,0.6096,0.5462,0.4097,0.5073,0.531,0.5543,0.5638,0.6761,0.6242,0.4731,0.5452,0.5838,0.5934,0.6174,0.7597,0.6722,0.4531,0.5779,0.6114,0.6274,0.6454,0.7635,0.7093,0.5292,0.6091,0.6461,0.6593,0.729,0.6979,0.4333,0.4548,0.5886,0.621,0.6371,0.6576,0.7663,0.695,0.5212,0.6166,0.6342,0.6295,0.6522,0.7691,0.6776,0.5395,0.5859
county,Santa Cruz County,driving,,California,United States,0.6959,0.7022,0.6761,0.6872,0.8979,0.8722,0.6712,0.7226,0.6684,0.7438,0.6791,0.9169,0.8584,0.6109,0.6351,0.6635,0.6518,0.7052,0.9443,1.0607,0.5451,0.6073,0.7173,0.7012,0.9703,0.9598,0.9811,1.1493,0.9186,0.7595,0.7974,0.8628,1.1837,1.2533,1.2342,1.1414,0.8152,0.8455,0.9055,1.1123,1.2201,0.911,0.8326,0.7956,0.766,0.8861,1.0565,1.1338,0.8061,0.7456,0.804,0.7488,0.8099,0.9309,0.9427,0.6849,0.6893,0.667,0.7067,0.7125,0.7039,0.53,0.3219,0.4149,0.2414,0.1945,0.225,0.2422,0.1654,0.0426,0.1181,0.0828,0.1113,0.1422,0.1803,0.0995,0.0362,0.1344,0.1473,0.1702,0.165,0.2022,0.1113,0,0.0804,0.1376,0.1198,0.1228,0.1896,0.1527,0.0069,0.1338,0.1463,0.1628,0.1674,0.2107,0.2307,0.17,0.1806,0.1864,0.2301,0.2462,0.3583,0.4118,0.3123,0.2658,0.2829,0.2521,0.3043,0.3543,0.3513,0.2875,0.2698,0.3066,0.3271,0.3768,0.4883,0.5151,0.3294,0.339466667,0.349533333,0.3596,0.368,0.5387,0.6141,0.3356,0.398,0.4462,0.4624,0.5026,0.6538,0.8005,0.8361,0.8028,0.6698,0.6898,0.6386,0.6374,0.5794,0.5499,0.5233,0.578,0.7603,0.707,0.7727,0.9644,0.8189,0.7076,0.7729,0.9268,0.8506,0.9261,1.1451,1.1449,0.886,0.8974,1.0479,0.9579,1.1455,1.3069,1.0813,0.8734,0.8939,0.946,0.9736,1.2577,1.5549,1.1995,0.9797,1.0223,0.9915,1.0444,1.3011,0.9704,1.0155,0.9556,0.9364,0.9859,1.0257,1.1891,1.4425,1.3327,0.9558,0.9133,0.939,1.0001,1.1806,1.3785,1.19,0.9486
county,Shasta County,driving,,California,United States,0.5159,0.5315,0.5433,0.6544,0.7024,0.6265,0.3996,0.5322,0.4632,0.5092,0.5817,0.6733,0.5453,0.3197,0.474,0.4627,0.5444,0.5711,0.7246,0.7138,0.3225,0.5335,0.5451,0.5679,0.6352,0.7905,0.715,0.4172,0.5516,0.5899,0.6323,0.7165,0.8912,0.7964,0.5706,0.701,0.6513,0.7049,0.7417,0.868,0.7905,0.4918,0.6368,0.6254,0.6463,0.6654,0.8354,0.7464,0.4882,0.6181,0.6528,0.656,0.6765,0.8609,0.7843,0.4673,0.6082,0.6292,0.5882,0.6729,0.762,0.5686,0.5786,0.5714,0.4668,0.5316,0.487,0.4208,0.2726,0.1413,0.203,0.2062,0.2231,0.2869,0.2867,0.1375,0,0.1956,0.2136,0.243,0.2501,0.3414,0.1076,0.0078,0.2146,0.2474,0.2942,0.2448,0.3842,0.2499,0.0266,0.3072,0.329,0.3648,0.3851,0.447,0.3538,0.2351,0.3923,0.402,0.4209,0.4847,0.5622,0.4925,0.3051,0.5067,0.4988,0.5358,0.5604,0.7124,0.5601,0.4289,0.5597,0.5992,0.6028,0.6809,0.797,0.68,0.428,0.4829,0.5378,0.5927,0.631,0.8425,0.7414,0.5445,0.6808,0.797,0.8342,0.9764,1.2348,1.1513,0.8837,0.9529,0.9568,0.9227,0.9916,1.1677,0.9243,0.8664,1.0001,0.9001,1.0104,1.0602,1.2465,1.1501,0.934,1.1223,1.0985,1.096,1.235,1.4447,1.3754,1.1301,1.2605,1.2348,1.2737,1.3211,1.5959,1.4678,1.1216,1.3624,1.3167,1.2754,1.4044,1.6306,1.5415,1.3267,1.4027,1.3544,1.5179,1.7924,1.8432,1.2765,1.5041,1.5437,1.3575,1.4021,1.4684,1.6817,1.5666,1.3175,1.3413,1.2694,1.2706,1.3971,1.6743,1.6189,1.4791,1.5249
county,Siskiyou County,driving,,California,United States,0.2215,0.1611,0.0846,0.6065,0.6092,0.7124,0.538,0.5785,0.1902,0.1555,0.3235,0.443,0.4044,0.2789,0.227,0.2564,0.2739,0.3393,0.5987,0.5743,0.232,0.3501,0.3188,0.395,0.3914,0.6539,0.6666,0.5086,0.4294,0.3903,0.5297,0.5319,1.058,1.2076,0.8956,1.1325,0.5048,0.5419,0.602,0.7514,0.9014,0.658,0.4718,0.4136,0.4818,0.5732,0.9008,0.7672,0.6805,0.5311,0.4765,0.489,0.6209,0.8792,0.6794,0.586,0.5158,0.4959,0.5621,0.566,0.8617,0.7257,0.8354,0.6954,0.5976,0.7035,0.645,0.6436,0.6389,0.3798,0.2212,0.1262,0.1422,0.2911,0.1666,0.183,0.0497,0.0425,0.0502,0.0663,0.1287,0.2597,0.1287,0.0369,0.0522,0.0824,0.0998,0.1608,0.2805,0.2755,0,0.2309,0.2257,0.1478,0.2539,0.4665,0.431,0.2356,0.2392,0.2071,0.1952,0.38,0.6084,0.619,0.5546,0.3396,0.3723,0.4211,0.5067,0.762,0.7226,0.6819,0.5508,0.5012,0.6184,0.8623,1.1198,1.2897,0.9435,0.854433333,0.765366667,0.6763,0.7523,1.0918,1.1026,0.9163,0.7913,0.8615,1.0488,1.3099,1.9818,2.0763,1.8446,2.0602,1.2315,1.3135,1.4083,1.6029,1.5979,1.4139,1.3235,1.2135,1.1796,1.505,1.6353,1.9887,1.8609,1.5754,1.5089,1.6456,1.8969,2.3753,2.4066,2.3842,2.1084,1.9751,2.002,2.2883,3.0075,3.1406,2.7755,2.5322,2.2315,2.135,2.6309,3.0483,3.5954,3.1713,2.5912,2.5882,2.9069,3.9269,3.9962,2.678,5.3024,3.2448,2.5696,2.487,2.6483,3.4709,3.7409,3.681,2.6905,2.2913,2.5239,2.8058,3.5968,3.8958,3.9186,2.9416
county,Solano County,driving,,California,United States,0.596,0.6113,0.6325,0.6334,0.948,0.9375,0.5601,0.7097,0.5902,0.6166,0.6282,0.9178,0.8423,0.5783,0.5919,0.5664,0.6024,0.629,0.9181,0.8804,0.5177,0.5951,0.5921,0.6088,0.6571,0.9251,0.9286,0.6711,0.7099,0.6801,0.6515,0.7618,1.1745,1.1143,0.8209,0.8296,0.7573,0.7175,0.7611,1.0109,1.1051,0.8052,0.7032,0.6719,0.6839,0.8212,1.2496,0.9945,0.647,0.6435,0.7023,0.6741,0.7258,0.9313,0.9127,0.6565,0.6176,0.6081,0.8598,0.6389,0.7948,0.5492,0.3073,0.4597,0.3503,0.2903,0.2524,0.2798,0.157,0.062,0.1661,0.1343,0.1564,0.1699,0.2284,0.1036,0.0483,0.1642,0.1852,0.1875,0.1929,0.2543,0.1191,0,0.134,0.1726,0.1724,0.1917,0.2683,0.2075,0.0159,0.2004,0.2123,0.2482,0.2479,0.32,0.2733,0.1551,0.2518,0.2461,0.2592,0.2911,0.3738,0.3407,0.2234,0.2902,0.3139,0.3318,0.3765,0.4548,0.4094,0.2883,0.3747,0.3668,0.4011,0.4134,0.5161,0.5368,0.3419,0.363666667,0.385433333,0.4072,0.4551,0.6404,0.604,0.3869,0.4828,0.5212,0.573,0.6276,0.8079,0.7455,0.5867,0.5794,0.6153,0.6363,0.6788,0.7953,0.7229,0.5735,0.7035,0.6493,0.6345,0.6915,0.861,0.8945,0.6655,0.7462,0.7279,0.7639,0.8059,1.0407,1.0482,0.8598,0.8059,0.7991,0.8166,0.9012,1.2119,1.1931,0.8663,0.8639,0.8362,0.8728,0.9444,1.1987,1.1917,0.9488,0.874,0.8973,0.972,1.3033,1.2932,0.7423,0.956,1.0784,0.8866,0.8852,0.9464,1.2262,1.1673,0.9183,0.8745,0.8564,0.8863,0.954,1.1565,1.0897,0.926,0.8801
county,Sonoma County,driving,,California,United States,0.6597,0.6802,0.693,0.6657,0.8543,0.8122,0.5708,0.6583,0.6519,0.6961,0.7033,0.8301,0.7441,0.5323,0.6242,0.6483,0.6567,0.7485,0.8438,0.804,0.4304,0.6128,0.6619,0.7217,0.7595,0.9899,0.8939,0.621,0.6918,0.7259,0.7547,0.8414,1.0722,0.9944,0.8127,0.7837,0.7628,0.7905,0.8395,1.0026,0.9798,0.697,0.7278,0.7506,0.7442,0.8002,0.9446,0.926,0.6276,0.6756,0.7473,0.7183,0.7711,0.9145,0.7991,0.5823,0.6608,0.6961,0.6857,0.6649,0.7343,0.5292,0.3174,0.4085,0.3309,0.2022,0.2164,0.236,0.1596,0.0606,0.1577,0.139,0.1613,0.168,0.2106,0.0858,0.0063,0.1483,0.1732,0.1709,0.1772,0.229,0.0778,0,0.122,0.1606,0.1675,0.194,0.2592,0.1541,0.009,0.1859,0.2023,0.2517,0.2444,0.2732,0.2038,0.099,0.2462,0.241,0.2811,0.2944,0.3713,0.2827,0.184,0.2879,0.3071,0.3238,0.3376,0.4349,0.3204,0.2209,0.3518,0.3785,0.3943,0.4111,0.5409,0.4438,0.2601,0.302966667,0.345833333,0.3887,0.4464,0.6375,0.4899,0.3321,0.4473,0.5248,0.5442,0.606,0.7296,0.6185,0.4957,0.5109,0.6196,0.6147,0.6405,0.7281,0.5933,0.451,0.6109,0.6339,0.6452,0.7074,0.8055,0.7782,0.5844,0.7053,0.7351,0.7603,0.7739,0.8804,0.8505,0.7262,0.8327,0.7915,0.8223,0.8712,1.0337,0.9907,0.748,0.8224,0.8433,0.8959,0.9245,1.0818,1.0155,0.8034,0.8672,0.8856,0.9523,1.0478,1.0529,0.6648,0.7528,0.8601,0.8797,0.9339,0.9581,1.0804,1.0314,0.8548,0.907,0.8537,0.884,0.9405,1.0657,1.0236,0.8283,0.8702
county,Stanislaus County,driving,,California,United States,0.569,0.5481,0.5745,0.5747,0.7359,0.6644,0.388,0.516,0.5621,0.5885,0.6043,0.7583,0.7166,0.3698,0.5411,0.5465,0.5643,0.5971,0.7615,0.7022,0.3033,0.6132,0.5751,0.5814,0.6234,0.8087,0.7188,0.4551,0.6254,0.614,0.6341,0.7386,0.999,0.7583,0.5137,0.5825,0.631,0.6127,0.6498,0.8977,0.8225,0.5365,0.6444,0.6179,0.6398,0.6852,0.8657,0.7977,0.4864,0.6281,0.6735,0.6522,0.6923,0.8897,0.7368,0.4481,0.6145,0.6317,0.6059,0.6038,0.744,0.5446,0.2491,0.4069,0.3848,0.4046,0.3554,0.3394,0.1704,0.0431,0.187,0.1824,0.1793,0.2071,0.2754,0.1409,0.0422,0.1961,0.2134,0.2109,0.208,0.2947,0.144,0.0087,0.183,0.205,0.2071,0.2201,0.292,0.2114,0,0.2264,0.2467,0.2998,0.3019,0.3828,0.2807,0.1685,0.301,0.2978,0.3138,0.3506,0.4509,0.3661,0.2152,0.3589,0.3755,0.3773,0.4708,0.5552,0.4612,0.2984,0.4911,0.4925,0.4673,0.503,0.6532,0.5667,0.3303,0.3958,0.4613,0.5268,0.5635,0.7308,0.6502,0.414,0.5649,0.6186,0.6516,0.719,0.8966,0.7651,0.5624,0.5647,0.7159,0.735,0.7584,0.9103,0.7987,0.5786,0.774,0.7182,0.7428,0.7627,0.9383,0.8797,0.6405,0.8038,0.8138,0.8187,0.8843,1.0066,0.9464,0.7098,0.9159,0.9097,0.9364,0.9779,1.1499,1.0458,0.6674,0.9012,0.8867,0.9033,0.9555,1.1574,1.0364,0.7725,0.9412,0.9008,0.9353,1.0367,1.049,0.6411,0.7448,0.8725,0.8845,0.8863,0.9153,1.0867,0.9653,0.7668,0.8912,0.8544,0.872,0.8942,1.0609,0.9562,0.7338,0.8622
county,Sutter County,driving,,California,United States,0.5506,0.5634,0.5705,0.5833,0.7479,0.7005,0.4159,0.5862,0.5785,0.5554,0.5985,0.7222,0.6807,0.4334,0.5229,0.5143,0.5218,0.5856,0.7643,0.7027,0.3315,0.5594,0.5595,0.5744,0.5648,0.7941,0.7489,0.4991,0.6106,0.6031,0.6027,0.734,0.9681,0.7711,0.5323,0.6139,0.6062,0.6054,0.6774,0.8401,0.8968,0.5532,0.58,0.6428,0.6447,0.6639,0.9024,0.8325,0.5101,0.6433,0.7032,0.6928,0.6669,0.9217,0.7851,0.4426,0.5922,0.6353,0.6854,0.6465,0.7622,0.5194,0.2596,0.4211,0.3763,0.3483,0.3807,0.3231,0.216,0.073,0.2034,0.1911,0.2288,0.2463,0.3669,0.1421,0.049,0.2106,0.2941,0.262,0.2726,0.3541,0.1262,0,0.2017,0.2456,0.2495,0.2614,0.375,0.2851,0.0689,0.3056,0.3531,0.3996,0.4121,0.4768,0.3854,0.2375,0.402,0.3834,0.4432,0.4435,0.509,0.457,0.2942,0.4311,0.4915,0.4831,0.4923,0.5935,0.5111,0.3386,0.5562,0.5689,0.6067,0.6234,0.7755,0.7047,0.4101,0.475266667,0.540433333,0.6056,0.6738,0.8378,0.7734,0.4762,0.6725,0.7217,0.839,0.8562,1.0378,0.9395,0.686,0.631,0.8765,0.8512,0.857,0.9711,0.7908,0.6858,0.8623,0.9194,0.901,0.9172,1.0961,1.053,0.7095,0.9041,0.9522,0.9833,0.9634,1.1352,1.0618,0.7308,0.9697,0.8967,0.9779,0.9845,1.1217,1.1237,0.6858,0.9939,0.9832,1.0374,0.994,1.2001,1.1314,0.8308,1.0081,1.0336,1.1367,1.1532,1.1567,0.6731,0.7688,1.0092,1.0696,1.0601,1.133,1.1931,1.1403,0.8088,0.9651,0.9635,1.0476,1.0197,1.1548,1.0859,0.7802,0.9954
county,Tehama County,driving,,California,United States,0.3822,0.4507,0.4565,0.5944,0.7402,0.7305,0.4119,0.4756,0.4943,0.4498,0.5591,0.7319,0.5929,0.4303,0.3808,0.4064,0.4774,0.5082,0.6685,0.6784,0.2764,0.4502,0.4795,0.5435,0.5073,0.6984,0.7069,0.4478,0.5223,0.5262,0.538,0.6276,0.9238,0.8931,0.5515,0.7357,0.5836,0.6115,0.6782,0.9378,0.9477,0.5877,0.4588,0.603,0.5839,0.583,0.8401,0.7781,0.5472,0.5847,0.5673,0.607,0.6476,0.8648,0.6294,0.5746,0.5259,0.5419,0.5612,0.5875,0.847,0.8302,0.6144,0.6285,0.5351,0.5985,0.4994,0.433,0.3178,0.1423,0.2014,0.201,0.2057,0.2034,0.2636,0.1167,0.0087,0.1734,0.1112,0.1432,0.1933,0.3124,0.0685,0,0.1684,0.1913,0.1724,0.1837,0.2937,0.2228,0.0611,0.2302,0.22,0.2571,0.3211,0.4123,0.3941,0.2234,0.3086,0.3382,0.4083,0.4183,0.541,0.4684,0.3166,0.4693,0.448,0.4339,0.5454,0.768,0.6068,0.4945,0.4895,0.5315,0.5933,0.6324,0.7932,0.8165,0.5174,0.549866667,0.582333333,0.6148,0.6782,0.9293,0.8109,0.6476,0.6833,0.7453,0.843,1.0377,1.5554,1.2369,0.9295,1.1826,0.8955,0.8246,1.0377,1.1587,0.9847,1.0415,0.9054,0.8745,0.7941,1.0685,1.4327,1.1597,1.0883,0.9818,1.0451,1.0573,1.2419,1.4904,1.3982,1.3225,1.1688,1.2264,1.2623,1.3932,1.8495,1.5724,1.2695,1.4339,1.1772,1.2371,1.3995,1.806,1.7312,1.5729,1.424,1.4011,1.6627,2.1091,2.1114,1.1633,2.0294,1.8253,1.43,1.4249,1.6277,1.9591,1.7813,1.6658,1.4284,1.2731,1.3119,1.563,1.9333,1.8021,1.7081,1.5282
county,Tulare County,driving,,California,United States,0.5254,0.5063,0.5451,0.564,0.747,0.7033,0.4382,0.5619,0.5446,0.5512,0.58,0.7282,0.701,0.4074,0.5167,0.5224,0.5407,0.5761,0.7657,0.7146,0.3663,0.5362,0.5388,0.5924,0.6078,0.7901,0.791,0.4864,0.6939,0.8275,0.9194,0.8796,1.0127,0.7928,0.5527,0.637,0.6046,0.6208,0.6833,0.8743,0.8133,0.5491,0.6331,0.6321,0.6676,0.7173,0.9186,0.9156,0.5911,0.6148,0.6677,0.6458,0.7097,0.9191,0.8476,0.5548,0.5973,0.5916,0.6178,0.599,0.7278,0.5957,0.3273,0.4645,0.4334,0.4141,0.3643,0.3835,0.201,0.0607,0.231,0.2276,0.2159,0.2607,0.3604,0.2042,0.0488,0.2763,0.2789,0.3185,0.3036,0.4018,0.2377,0.0495,0.223,0.2576,0.2064,0.2633,0.405,0.2805,0,0.3006,0.3603,0.424,0.4044,0.4789,0.3027,0.2005,0.4169,0.3947,0.4297,0.4674,0.565,0.4244,0.2515,0.4721,0.4925,0.4983,0.5552,0.6728,0.5345,0.3577,0.5427,0.5874,0.586,0.6068,0.8065,0.6912,0.4272,0.503466667,0.579733333,0.656,0.6918,0.8588,0.7438,0.5083,0.6722,0.7438,0.7721,0.7995,1.0311,0.8733,0.6444,0.6416,0.8335,0.8294,0.8386,1.0441,0.8641,0.5807,0.8061,0.8334,0.8666,0.9095,1.0655,0.9615,0.7324,0.9266,0.9075,0.9218,0.9873,1.2228,1.1139,0.8459,0.9982,0.9891,1.019,1.068,1.2842,1.1826,0.7914,1.051,1.0324,1.1278,1.0806,1.3005,1.1813,0.9187,1.0462,1.069,1.1315,1.2479,1.2867,0.82,0.908,1.0512,1.0535,1.0582,1.1155,1.2721,1.1606,0.8839,1.0433,1.0502,1.0781,1.0497,1.2821,1.1768,0.9159,1.0191
county,Tuolumne County,driving,,California,United States,0.5478,0.5675,0.6263,0.5054,0.8332,1.4132,1.0309,0.9983,0.5834,0.6107,0.5976,0.8428,1.12,0.7244,0.4736,0.6269,0.4935,0.5652,0.8121,1.0096,0.5808,0.6127,0.5103,0.5345,0.6132,0.8289,1.053,0.8658,0.6627,0.6377,0.6367,0.6791,1.2296,1.6767,1.5867,1.3114,0.8141,0.9342,0.8236,1.095,1.311,1.1212,0.7463,0.7205,0.6341,0.6808,0.9397,1.1169,0.7932,0.6107,0.7473,0.7242,0.7904,0.9926,1.051,0.8703,0.7193,0.6425,0.7062,0.7254,0.8301,0.7242,0.4964,0.3712,0.4831,0.5251,0.4384,0.4708,0.2567,0.2733,0.1721,0.2014,0.2481,0.245,0.3243,0.196,0.1839,0.3056,0.2647,0.3714,0.2938,0.2872,0.1559,0.0161,0.1508,0.3126,0.269,0.288,0.3249,0.3116,0,0.3427,0.3185,0.4126,0.3974,0.423,0.3198,0.2417,0.3753,0.3964,0.3751,0.422,0.4642,0.5171,0.4411,0.3974,0.4732,0.499,0.462,0.5984,0.6334,0.5462,0.4886,0.5753,0.5646,0.6338,0.808,0.9162,0.5083,0.550433333,0.592566667,0.6347,0.6216,0.9885,1.1233,0.6918,0.5925,0.6908,0.8764,0.9645,1.2261,1.3991,1.3583,1.2321,0.9364,0.8742,0.952,1.0788,1.1364,1.1022,1.0477,0.9307,1.0192,1.1809,1.3585,1.5283,1.3022,1.2263,1.2411,1.3321,1.3493,1.6164,2.0172,1.8328,1.533,1.5109,1.6113,1.6226,2.1085,2.3542,2.0366,1.6799,1.6851,1.6615,1.7197,2.1555,2.3747,2.4581,1.8084,1.7224,1.7814,2.028,2.6017,1.9119,3.238,1.7996,1.6804,1.7592,1.8432,2.3392,2.5441,2.4724,1.7945,1.8199,1.8518,1.9033,2.2952,2.6119,2.6982,1.902
county,Ventura County,driving,,California,United States,0.6144,0.6624,0.7428,0.7397,0.9432,0.8981,0.5948,0.7197,0.7007,0.7761,0.7884,0.9061,0.9325,0.6923,0.7477,0.7589,0.7287,0.7629,0.9336,0.909,0.4916,0.6956,0.6922,0.7346,0.7874,0.947,0.9462,0.5901,0.6922,0.7509,0.7957,0.9287,1.2107,1.0549,0.7639,0.8805,0.7786,0.7864,0.8632,1.0405,1.0015,0.7178,0.7395,0.7632,0.803,0.8433,1.0344,1.0351,0.6338,0.7167,0.8017,0.7705,0.8458,1.0366,1.029,0.6582,0.6706,0.6635,0.6954,0.6765,0.7004,0.5311,0.3108,0.3991,0.3758,0.3739,0.3355,0.2894,0.1999,0.0321,0.1438,0.1693,0.1596,0.1722,0.2342,0.1625,0.0656,0.1675,0.1732,0.1845,0.1855,0.2622,0.1747,0.0268,0.117,0.1349,0.1452,0.1214,0.2444,0.2361,0,0.1708,0.2001,0.2546,0.2509,0.3181,0.2714,0.1623,0.2593,0.2772,0.3,0.3498,0.4497,0.4323,0.2941,0.3122,0.3427,0.3452,0.3883,0.5065,0.4701,0.3383,0.3784,0.4221,0.4174,0.4588,0.6017,0.6393,0.4909,0.488333333,0.485766667,0.4832,0.5382,0.6995,0.6952,0.5251,0.496,0.57,0.6072,0.6516,0.8149,0.841,0.7321,0.6346,0.6569,0.6805,0.7119,0.8245,0.8289,0.6439,0.6156,0.6358,0.6944,0.7168,0.8591,0.8763,0.7324,0.7149,0.7786,0.8327,0.8374,1.0346,1.0449,0.8331,0.8167,0.8067,0.8371,0.8806,1.0786,1.0527,0.6898,0.832,0.8749,0.8751,0.9238,1.1742,1.0734,0.7805,0.8376,0.8774,0.9111,1.0254,1.0549,0.6136,0.6752,0.8304,0.8893,0.8904,0.9474,1.0954,1.0779,0.8493,0.8707,0.8596,0.8729,0.8952,1.09,1.0518,0.813,0.8577
county,Yolo County,driving,,California,United States,0.6568,0.6592,0.7333,0.7158,1.1424,0.8591,0.5311,0.7636,0.6881,0.7282,0.7383,1.056,0.823,0.6402,0.639,0.6552,0.6822,0.7996,1.0358,0.8492,0.5245,0.6723,0.6847,0.7093,0.7931,1.0966,0.8664,0.7252,0.7107,0.7082,0.7351,0.9239,1.4483,1.0152,0.6857,0.887,0.7573,0.7709,0.8675,1.2612,1.1361,0.8424,0.7103,0.7057,0.7744,0.8159,1.2185,0.9218,0.752,0.6805,0.7625,0.7478,0.7994,1.0289,0.8824,0.6102,0.6616,0.6948,0.7087,0.6981,0.8747,0.4949,0.3065,0.4302,0.394,0.3219,0.3055,0.2859,0.1703,0.0673,0.1602,0.1474,0.1555,0.2577,0.2296,0.0972,0.0442,0.1745,0.179,0.1796,0.1992,0.2541,0.0901,0,0.154,0.1868,0.1921,0.2074,0.2708,0.2046,0.0297,0.1951,0.2203,0.2244,0.2407,0.3008,0.245,0.1498,0.2466,0.2499,0.2503,0.2864,0.3725,0.2962,0.1844,0.2721,0.2936,0.2971,0.3401,0.4528,0.3487,0.2631,0.3277,0.3681,0.3602,0.3938,0.4953,0.4458,0.2598,0.304633333,0.349466667,0.3943,0.4263,0.5887,0.5023,0.3155,0.4206,0.4758,0.5357,0.5854,0.7299,0.6179,0.4926,0.4918,0.5557,0.5657,0.5929,0.7225,0.6079,0.5014,0.5546,0.5551,0.5946,0.639,0.7814,0.6949,0.5531,0.6347,0.669,0.717,0.7596,0.9499,0.9214,0.7625,0.7285,0.7427,0.7656,0.8095,1.0064,0.8784,0.7024,0.7695,0.7441,0.7735,0.8427,1.0388,0.9333,0.7928,0.7907,0.8106,0.8636,1.0491,0.9533,0.5302,0.8123,0.833,0.7939,0.8064,0.825,0.9926,0.9092,0.7756,0.7913,0.7524,0.7915,0.8367,0.9946,0.8566,0.7581,0.7921
county,Yuba County,driving,,California,United States,0.5448,0.5746,0.5758,0.6856,0.7331,0.7597,0.4777,0.5634,0.5749,0.5598,0.6398,0.7706,0.7451,0.4567,0.5598,0.5568,0.5141,0.6276,0.8573,0.7668,0.3527,0.5856,0.6241,0.5986,0.6597,0.8854,0.8212,0.5623,0.6277,0.6049,0.6466,0.7223,0.9499,0.7938,0.608,0.627,0.6267,0.6453,0.6598,0.8924,1.0656,0.6776,0.7066,0.6292,0.6656,0.6983,0.8989,0.936,0.6053,0.6293,0.7352,0.7671,0.7468,0.866,0.7862,0.5194,0.606,0.6656,0.6821,0.6219,0.7311,0.5538,0.3106,0.3739,0.3766,0.3793,0.4324,0.3439,0.2711,0.1353,0.2021,0.1929,0.2231,0.2516,0.3145,0.1688,0.0951,0.2867,0.294,0.3143,0.3292,0.3662,0.1335,0,0.2193,0.2613,0.285,0.2836,0.3733,0.353,0.0991,0.323,0.3541,0.3774,0.4238,0.4936,0.4284,0.3283,0.3585,0.4262,0.4197,0.4342,0.5431,0.568,0.4556,0.4417,0.5605,0.5257,0.5467,0.6215,0.6382,0.4851,0.5283,0.5728,0.5916,0.617,0.7903,0.9503,0.5309,0.552766667,0.574633333,0.5965,0.6651,0.8288,0.9339,0.4736,0.6113,0.6892,0.7845,0.9927,1.2689,1.3474,1.148,1.0603,0.9774,0.9863,0.9826,1.1554,1.0449,1.0469,0.9075,0.8766,0.9693,1.0807,1.2997,1.384,1.1221,1.0614,1.0506,1.0662,1.0293,1.2085,1.2506,1.2023,1.0129,1.0614,1.0808,1.0931,1.3581,1.4539,1.3508,1.163,1.0844,1.1113,1.1638,1.3976,1.409,1.193,1.1272,1.1567,1.2881,1.4119,1.4274,1.0348,1.1545,1.1793,1.125,1.1407,1.3737,1.3666,1.3864,1.1524,1.1788,1.1767,1.1798,1.2264,1.412,1.3748,1.2048,1.1245
